transfer_id,device_id,recorded_at,temperature_c,latitude,longitude,excursion_flag
TRF_00004,SENSOR_014,2023-10-27 09:00:00,2.41,28.72581173947386,77.35249776395177,False
TRF_00004,SENSOR_020,2023-10-27 09:00:00,2.29,28.642068909944513,77.38424204798152,False
TRF_00004,SENSOR_018,2023-10-27 09:00:00,2.1,28.650235374008314,77.10569332162669,False
TRF_00004,SENSOR_011,2023-10-27 09:00:00,1.8,28.773156121231796,77.23472519543448,False
TRF_00004,SENSOR_007,2023-10-27 09:00:00,2.09,28.613462363645688,77.14195458038513,False
TRF_00004,SENSOR_010,2023-10-27 09:00:00,2.14,28.649981920328337,77.39267420693581,False
TRF_00004,SENSOR_005,2023-10-27 09:00:00,2.04,28.573859744186567,77.14162773874618,False
TRF_00004,SENSOR_014,2023-10-27 09:00:00,2.56,28.646980083590247,77.08723898172418,False
TRF_00005,SENSOR_014,2022-04-11 13:00:00,4.6,28.57937333968769,77.02596922901152,False
TRF_00005,SENSOR_016,2022-04-11 13:00:00,3.49,28.513883260513165,77.21995260038709,False
TRF_00005,SENSOR_016,2022-04-11 13:00:00,4.4,28.416085540004346,77.12465109026392,False
TRF_00005,SENSOR_015,2022-04-11 13:00:00,5.18,28.59974773373765,77.13970185884898,False
TRF_00005,SENSOR_012,2022-04-11 13:00:00,3.44,28.630334640448275,77.23360667727945,False
TRF_00007,SENSOR_007,2023-06-12 14:00:00,3.56,28.493162578540307,77.01985777410462,False
TRF_00007,SENSOR_002,2023-06-12 14:00:00,3.01,28.41419934884854,77.27255522605174,False
TRF_00007,SENSOR_008,2023-06-12 14:00:00,2.87,28.558946517577304,77.06353772705968,False
TRF_00007,SENSOR_011,2023-06-12 14:00:00,2.48,28.546320769182337,77.01084629826254,False
TRF_00007,SENSOR_002,2023-06-12 14:00:00,3.04,28.63955421955911,77.20742536990623,False
TRF_00007,SENSOR_003,2023-06-12 14:00:00,2.88,28.689671633337085,77.111764645849,False
TRF_00007,SENSOR_010,2023-06-12 14:00:00,2.48,28.780232969419295,77.02806206012905,False
TRF_00008,SENSOR_017,2022-11-17 09:00:00,6.07,28.70232828258004,77.38674126930745,False
TRF_00008,SENSOR_018,2022-11-17 09:00:00,5.75,28.503940679739724,77.32022225283745,False
TRF_00008,SENSOR_001,2022-11-17 09:00:00,5.51,28.51123200014228,77.113587750592,False
TRF_00008,SENSOR_016,2022-11-17 09:00:00,6.39,28.750172066017168,77.09354895624861,False
TRF_00008,SENSOR_016,2022-11-17 09:00:00,5.42,28.490220069236493,77.33851590982272,False
TRF_00008,SENSOR_010,2022-11-17 09:00:00,5.48,28.556064776158607,77.26341139236611,False
TRF_00008,SENSOR_017,2022-11-17 09:00:00,5.81,28.590579264840375,77.01731354932542,False
TRF_00008,SENSOR_009,2022-11-17 09:00:00,5.92,28.461475147374966,77.21200016525455,False
TRF_00008,SENSOR_014,2022-11-17 09:00:00,6.5,28.433883917951302,77.34263152568366,False
TRF_00008,SENSOR_012,2022-11-17 09:00:00,6.89,28.536179976388727,77.00109916483984,False
TRF_00008,SENSOR_013,2022-11-17 09:00:00,5.7,28.540886275635856,77.03902925534663,False
TRF_00008,SENSOR_019,2022-11-17 09:00:00,5.77,28.60420755798343,77.04276260212697,False
TRF_00009,SENSOR_007,2024-08-14 15:00:00,4.68,28.668888680058675,77.20275994228693,False
TRF_00009,SENSOR_011,2024-08-14 15:00:00,5.81,28.799186804867038,77.22873066670597,False
TRF_00009,SENSOR_020,2024-08-14 15:00:00,5.07,28.68201844670402,77.39330022704249,False
TRF_00009,SENSOR_012,2024-08-14 15:00:00,5.26,28.440272424640483,77.24411694627939,False
TRF_00009,SENSOR_016,2024-08-14 15:00:00,5.08,28.785265956982062,77.22364633978252,False
TRF_00009,SENSOR_010,2024-08-14 15:00:00,6.05,28.71871282183276,77.07604354695599,False
TRF_00009,SENSOR_006,2024-08-14 15:00:00,4.95,28.762072976457503,77.21162047280214,False
TRF_00009,SENSOR_007,2024-08-14 15:00:00,5.49,28.56889416511132,77.26085450154488,False
TRF_00009,SENSOR_004,2024-08-14 15:00:00,5.82,28.75469931910219,77.309910608441,False
TRF_00009,SENSOR_016,2024-08-14 15:00:00,6.0,28.441532795003532,77.25245114849639,False
TRF_00010,SENSOR_003,2023-05-18 07:00:00,2.4,28.49543381440579,77.04627319550283,False
TRF_00010,SENSOR_015,2023-05-18 07:00:00,2.94,28.61124775008444,77.08476409016146,False
TRF_00010,SENSOR_020,2023-05-18 07:00:00,2.0,28.412642259076602,77.00866895354646,False
TRF_00010,SENSOR_013,2023-05-18 07:00:00,3.67,28.68218708043411,77.31784899763997,False
TRF_00010,SENSOR_019,2023-05-18 07:00:00,2.37,28.58769289920427,77.30436429475733,False
TRF_00010,SENSOR_007,2023-05-18 07:00:00,1.94,28.740670845349094,77.33227829146654,False
TRF_00010,SENSOR_019,2023-05-18 07:00:00,2.14,28.41150017601831,77.21121998852225,False
TRF_00010,SENSOR_013,2023-05-18 07:00:00,2.19,28.67136298411023,77.11705635264548,False
TRF_00010,SENSOR_013,2023-05-18 07:00:00,3.42,28.43941220758883,77.32673636555494,False
TRF_00010,SENSOR_008,2023-05-18 07:00:00,2.03,28.777666803744378,77.08608695329403,False
TRF_00010,SENSOR_007,2023-05-18 07:00:00,3.38,28.49295333468944,77.1624688112228,False
TRF_00013,SENSOR_015,2022-11-10 13:00:00,3.75,28.593570647170182,77.1537240121847,False
TRF_00013,SENSOR_011,2022-11-10 13:00:00,3.75,28.612144993113862,77.01711757593047,False
TRF_00013,SENSOR_005,2022-11-10 13:00:00,2.95,28.442042409980214,77.0511623195576,False
TRF_00013,SENSOR_016,2022-11-10 13:00:00,2.74,28.70592685137447,77.08723458225415,False
TRF_00013,SENSOR_005,2022-11-10 13:00:00,3.95,28.423399678298235,77.02531788320736,False
TRF_00013,SENSOR_002,2022-11-10 13:00:00,3.62,28.77997855367209,77.3278365064596,False
TRF_00016,SENSOR_016,2024-04-02 14:00:00,2.55,28.63073109510116,77.12016868734644,False
TRF_00016,SENSOR_016,2024-04-02 14:00:00,2.3,28.731174857915903,77.17122225366144,False
TRF_00016,SENSOR_010,2024-04-02 14:00:00,3.13,28.47496502009105,77.30862981754642,False
TRF_00016,SENSOR_004,2024-04-02 14:00:00,1.73,28.583771401915772,77.04877788339307,False
TRF_00017,SENSOR_020,2023-03-25 08:00:00,3.37,28.778450839921444,77.27042364985593,False
TRF_00017,SENSOR_014,2023-03-25 08:00:00,2.57,28.714901504747388,77.28981355733632,False
TRF_00017,SENSOR_020,2023-03-25 08:00:00,2.85,28.60272898460149,77.35964712213286,False
TRF_00017,SENSOR_002,2023-03-25 08:00:00,3.18,28.60102033766218,77.04324917331199,False
TRF_00018,SENSOR_002,2022-03-08 12:00:00,1.55,28.685190719848876,77.32800604877869,False
TRF_00018,SENSOR_001,2022-03-08 12:00:00,2.15,28.549370755421908,77.0058694261453,False
TRF_00018,SENSOR_003,2022-03-08 12:00:00,1.62,28.548559508499913,77.39031696492897,False
TRF_00018,SENSOR_006,2022-03-08 12:00:00,2.26,28.741039037570534,77.20866554702766,False
TRF_00018,SENSOR_011,2022-03-08 12:00:00,1.13,28.74482133329893,77.12553848569733,False
TRF_00018,SENSOR_012,2022-03-08 12:00:00,2.51,28.753664197784094,77.17668520522025,False
TRF_00018,SENSOR_020,2022-03-08 12:00:00,2.1,28.446901863384355,77.03607548642862,False
TRF_00018,SENSOR_007,2022-03-08 12:00:00,0.99,28.515786822006497,77.15782939406321,True
TRF_00019,SENSOR_010,2023-09-25 07:00:00,2.26,28.436928998681893,77.18097640732292,False
TRF_00019,SENSOR_007,2023-09-25 07:00:00,2.56,28.523985394913876,77.31556005433717,False
TRF_00019,SENSOR_017,2023-09-25 07:00:00,2.36,28.739214329978726,77.2536353167144,False
TRF_00019,SENSOR_001,2023-09-25 07:00:00,1.87,28.717094627703663,77.17221340897231,False
TRF_00019,SENSOR_017,2023-09-25 07:00:00,3.04,28.68508860720533,77.27248142303675,False
TRF_00020,SENSOR_017,2022-10-20 13:00:00,3.51,28.467257578882172,77.01105859725654,False
TRF_00020,SENSOR_004,2022-10-20 13:00:00,3.53,28.719371898511874,77.00684639557075,False
TRF_00020,SENSOR_005,2022-10-20 13:00:00,3.05,28.534928902944642,77.26366897138418,False
TRF_00020,SENSOR_008,2022-10-20 13:00:00,4.14,28.739228733424255,77.02636540292835,False
TRF_00020,SENSOR_010,2022-10-20 13:00:00,4.02,28.47283906612586,77.31056694243044,False
TRF_00020,SENSOR_003,2022-10-20 13:00:00,4.36,28.440725822771316,77.33216204546132,False
TRF_00020,SENSOR_008,2022-10-20 13:00:00,2.76,28.760440894551923,77.24086362626906,False
TRF_00020,SENSOR_015,2022-10-20 13:00:00,4.15,28.593326114344364,77.29189859605458,False
TRF_00020,SENSOR_008,2022-10-20 13:00:00,4.04,28.426806625558378,77.24657377505393,False
TRF_00020,SENSOR_009,2022-10-20 13:00:00,4.11,28.709283856025568,77.13811989389062,False
TRF_00022,SENSOR_003,2024-09-14 07:00:00,2.66,28.7583420445672,77.02160115378302,False
TRF_00022,SENSOR_017,2024-09-14 07:00:00,2.35,28.457957398874218,77.06898229060234,False
TRF_00022,SENSOR_016,2024-09-14 07:00:00,2.48,28.694556489718586,77.18073894360747,False
TRF_00022,SENSOR_019,2024-09-14 07:00:00,2.9,28.724685002971153,77.36079251657868,False
TRF_00022,SENSOR_003,2024-09-14 07:00:00,3.08,28.526604866707448,77.32919198193956,False
TRF_00022,SENSOR_001,2024-09-14 07:00:00,3.01,28.69148989121489,77.32514689275908,False
TRF_00022,SENSOR_007,2024-09-14 07:00:00,3.23,28.57210552923925,77.03699171995522,False
TRF_00022,SENSOR_020,2024-09-14 07:00:00,3.84,28.6902598298998,77.33168794104796,False
TRF_00022,SENSOR_011,2024-09-14 07:00:00,10.97,28.759817960927958,77.38841694323389,True
TRF_00022,SENSOR_005,2024-09-14 07:00:00,3.81,28.77941245397781,77.27887468571792,False
TRF_00022,SENSOR_014,2024-09-14 07:00:00,2.57,28.403538936898528,77.30043524442682,False
TRF_00022,SENSOR_014,2024-09-14 07:00:00,2.55,28.428387813943193,77.17909409477139,False
TRF_00023,SENSOR_016,2022-02-23 13:00:00,1.86,28.507008125146413,77.28034998540984,False
TRF_00023,SENSOR_014,2022-02-23 13:00:00,3.34,28.64229199011663,77.342673280798,False
TRF_00023,SENSOR_011,2022-02-23 13:00:00,3.19,28.553783881638132,77.3514767377542,False
TRF_00023,SENSOR_005,2022-02-23 13:00:00,2.57,28.747964575798765,77.03684681621317,False
TRF_00023,SENSOR_005,2022-02-23 13:00:00,3.15,28.70452988847679,77.38051351786042,False
TRF_00023,SENSOR_013,2022-02-23 13:00:00,2.55,28.76452934681218,77.02798114631861,False
TRF_00023,SENSOR_004,2022-02-23 13:00:00,2.49,28.446147382958273,77.13663788195598,False
TRF_00024,SENSOR_007,2024-07-13 12:00:00,1.95,28.448693828110194,77.08482979292987,False
TRF_00024,SENSOR_005,2024-07-13 12:00:00,3.62,28.44342254373883,77.07046550935459,False
TRF_00024,SENSOR_003,2024-07-13 12:00:00,2.43,28.519751991416857,77.28294682210564,False
TRF_00024,SENSOR_006,2024-07-13 12:00:00,1.88,28.75287024909758,77.34148986286968,False
TRF_00024,SENSOR_012,2024-07-13 12:00:00,3.05,28.601742280962053,77.39248234868019,False
TRF_00024,SENSOR_005,2024-07-13 12:00:00,2.33,28.591847078860006,77.31214820722901,False
TRF_00026,SENSOR_002,2022-11-29 17:00:00,5.54,28.457640138813108,77.34626223991836,False
TRF_00026,SENSOR_012,2022-11-29 17:00:00,4.44,28.581592632651837,77.14283512618698,False
TRF_00026,SENSOR_001,2022-11-29 17:00:00,4.68,28.587318017736376,77.29385883543348,False
TRF_00026,SENSOR_009,2022-11-29 17:00:00,4.04,28.514695840494884,77.20080991331886,False
TRF_00026,SENSOR_020,2022-11-29 17:00:00,5.68,28.400196535853,77.16869865884624,False
TRF_00026,SENSOR_018,2022-11-29 17:00:00,4.75,28.547779512625645,77.36680696147467,False
TRF_00026,SENSOR_013,2022-11-29 17:00:00,5.2,28.59227394751702,77.01253543434247,False
TRF_00026,SENSOR_019,2022-11-29 17:00:00,5.25,28.660726773995112,77.3784037404702,False
TRF_00026,SENSOR_018,2022-11-29 17:00:00,5.49,28.50207017184394,77.08141129476554,False
TRF_00026,SENSOR_015,2022-11-29 17:00:00,5.34,28.481677656425134,77.36070211731723,False
TRF_00026,SENSOR_020,2022-11-29 17:00:00,5.45,28.67409451231575,77.0409753846473,False
TRF_00026,SENSOR_014,2022-11-29 17:00:00,5.9,28.651909908114494,77.3183035117317,False
TRF_00028,SENSOR_007,2022-10-17 06:00:00,2.23,28.780465747053356,77.17941776486619,False
TRF_00028,SENSOR_001,2022-10-17 06:00:00,2.66,28.55732870920022,77.21987425179228,False
TRF_00028,SENSOR_001,2022-10-17 06:00:00,2.16,28.523451064907285,77.14695205804682,False
TRF_00028,SENSOR_003,2022-10-17 06:00:00,3.31,28.742284557206993,77.09833558176524,False
TRF_00028,SENSOR_003,2022-10-17 06:00:00,2.88,28.703208492396048,77.04843439631095,False
TRF_00029,SENSOR_013,2022-02-25 06:00:00,6.07,28.476524582374534,77.04011894625022,False
TRF_00029,SENSOR_001,2022-02-25 06:00:00,4.75,28.418720662698313,77.38719945656273,False
TRF_00029,SENSOR_015,2022-02-25 06:00:00,4.06,28.612994698600424,77.11491015249318,False
TRF_00029,SENSOR_015,2022-02-25 06:00:00,5.72,28.71260408619354,77.27818240574605,False
TRF_00029,SENSOR_012,2022-02-25 06:00:00,5.52,28.647248950996335,77.10093032178149,False
TRF_00029,SENSOR_005,2022-02-25 06:00:00,4.93,28.51220707631982,77.22197387917262,False
TRF_00029,SENSOR_005,2022-02-25 06:00:00,5.06,28.67400964907171,77.24411163072268,False
TRF_00029,SENSOR_010,2022-02-25 06:00:00,5.52,28.71455034543918,77.05715503235406,False
TRF_00029,SENSOR_014,2022-02-25 06:00:00,4.91,28.69606424551518,77.28036295559626,False
TRF_00029,SENSOR_002,2022-02-25 06:00:00,5.43,28.498850472864863,77.38339629753132,False
TRF_00030,SENSOR_005,2022-09-13 18:00:00,5.66,28.793314406575576,77.19810018384689,False
TRF_00030,SENSOR_016,2022-09-13 18:00:00,4.97,28.709051022814354,77.38934155820422,False
TRF_00030,SENSOR_018,2022-09-13 18:00:00,5.0,28.649263068162206,77.25321421555968,False
TRF_00030,SENSOR_014,2022-09-13 18:00:00,4.52,28.71696004514142,77.3166347611044,False
TRF_00031,SENSOR_009,2022-12-03 16:00:00,2.47,28.51123759440876,77.23302326745383,False
TRF_00031,SENSOR_017,2022-12-03 16:00:00,2.96,28.573026258100835,77.3859438212832,False
TRF_00031,SENSOR_008,2022-12-03 16:00:00,3.28,28.49918456257745,77.37621463558108,False
TRF_00031,SENSOR_007,2022-12-03 16:00:00,2.61,28.532612577862995,77.29832239514005,False
TRF_00031,SENSOR_019,2022-12-03 16:00:00,3.04,28.426988169381165,77.21460976772748,False
TRF_00031,SENSOR_008,2022-12-03 16:00:00,2.8,28.754506724539276,77.35891298949919,False
TRF_00031,SENSOR_008,2022-12-03 16:00:00,2.86,28.74258298171349,77.37796124229783,False
TRF_00031,SENSOR_011,2022-12-03 16:00:00,3.29,28.79741346900019,77.27616763009827,False
TRF_00031,SENSOR_006,2022-12-03 16:00:00,2.81,28.41438263502179,77.35540556346307,False
TRF_00032,SENSOR_009,2022-01-24 17:00:00,4.65,28.694360159995885,77.32909865462017,False
TRF_00032,SENSOR_004,2022-01-24 17:00:00,3.92,28.43146397739222,77.15843382910442,False
TRF_00032,SENSOR_010,2022-01-24 17:00:00,4.48,28.645765681974,77.3599815698239,False
TRF_00033,SENSOR_017,2022-05-17 12:00:00,3.38,28.606626496350817,77.06858990858167,False
TRF_00033,SENSOR_018,2022-05-17 12:00:00,3.7,28.535909171686885,77.11618026962994,False
TRF_00033,SENSOR_016,2022-05-17 12:00:00,3.97,28.78214152051959,77.04297972020392,False
TRF_00033,SENSOR_002,2022-05-17 12:00:00,10.66,28.656311464883924,77.04457293990046,True
TRF_00033,SENSOR_020,2022-05-17 12:00:00,3.65,28.417675293765306,77.12875611783923,False
TRF_00033,SENSOR_001,2022-05-17 12:00:00,3.94,28.689851372239534,77.09487457752503,False
TRF_00033,SENSOR_001,2022-05-17 12:00:00,4.75,28.685276458474117,77.08391181969425,False
TRF_00033,SENSOR_010,2022-05-17 12:00:00,3.78,28.69553008177364,77.28635916024187,False
TRF_00033,SENSOR_014,2022-05-17 12:00:00,3.13,28.763815113480984,77.1629351076272,False
TRF_00033,SENSOR_017,2022-05-17 12:00:00,3.44,28.784697159931085,77.36602741075107,False
TRF_00033,SENSOR_015,2022-05-17 12:00:00,3.15,28.74980260823978,77.04686197775814,False
TRF_00033,SENSOR_004,2022-05-17 12:00:00,4.1,28.410581113811492,77.16069526654874,False
TRF_00035,SENSOR_014,2023-06-09 11:00:00,4.04,28.409089492300346,77.00261163305268,False
TRF_00035,SENSOR_018,2023-06-09 11:00:00,3.85,28.683170298225953,77.0815064651532,False
TRF_00035,SENSOR_011,2023-06-09 11:00:00,3.87,28.61542976212553,77.18759846505442,False
TRF_00035,SENSOR_002,2023-06-09 11:00:00,4.51,28.773905258576114,77.15128124244549,False
TRF_00035,SENSOR_010,2023-06-09 11:00:00,4.53,28.79597980338351,77.0275939968083,False
TRF_00036,SENSOR_004,2024-02-01 12:00:00,3.91,28.439541995221127,77.2366967828093,False
TRF_00036,SENSOR_001,2024-02-01 12:00:00,3.68,28.48739988924266,77.37793509678282,False
TRF_00036,SENSOR_006,2024-02-01 12:00:00,4.11,28.47810564302518,77.28677642815128,False
TRF_00036,SENSOR_015,2024-02-01 12:00:00,2.99,28.47188813318981,77.29062771569399,False
TRF_00036,SENSOR_007,2024-02-01 12:00:00,4.1,28.50531372797868,77.23814333034792,False
TRF_00036,SENSOR_002,2024-02-01 12:00:00,2.83,28.467344405266974,77.10576860552457,False
TRF_00036,SENSOR_013,2024-02-01 12:00:00,2.97,28.55063641855324,77.22118567282612,False
TRF_00036,SENSOR_014,2024-02-01 12:00:00,3.85,28.52931351339463,77.15910745088709,False
TRF_00037,SENSOR_003,2024-02-05 13:00:00,3.41,28.603022418797025,77.3395986887069,False
TRF_00037,SENSOR_018,2024-02-05 13:00:00,3.7,28.542247447247856,77.0286867428135,False
TRF_00037,SENSOR_019,2024-02-05 13:00:00,4.01,28.70987023059519,77.15380501605287,False
TRF_00037,SENSOR_015,2024-02-05 13:00:00,4.66,28.53230931650223,77.08849678335301,False
TRF_00037,SENSOR_002,2024-02-05 13:00:00,4.0,28.73554902724694,77.25816094530931,False
TRF_00037,SENSOR_013,2024-02-05 13:00:00,3.64,28.707605412414935,77.3431187716435,False
TRF_00039,SENSOR_013,2023-04-27 18:00:00,3.78,28.616898638773993,77.24015018756452,False
TRF_00039,SENSOR_017,2023-04-27 18:00:00,3.83,28.682879355194988,77.1567848640385,False
TRF_00039,SENSOR_013,2023-04-27 18:00:00,3.31,28.437380391440538,77.23917673662126,False
TRF_00039,SENSOR_019,2023-04-27 18:00:00,3.49,28.61585669410677,77.24177831062083,False
TRF_00039,SENSOR_019,2023-04-27 18:00:00,3.92,28.66302885167973,77.37092101713323,False
TRF_00039,SENSOR_015,2023-04-27 18:00:00,3.06,28.62109402870414,77.05506478955286,False
TRF_00039,SENSOR_006,2023-04-27 18:00:00,4.55,28.43536919484736,77.33038265079901,False
TRF_00039,SENSOR_010,2023-04-27 18:00:00,4.57,28.579352962052926,77.02107461421963,False
TRF_00039,SENSOR_004,2023-04-27 18:00:00,4.0,28.794789532364987,77.17664980718132,False
TRF_00039,SENSOR_006,2023-04-27 18:00:00,4.15,28.488348852559934,77.30020709222431,False
TRF_00039,SENSOR_019,2023-04-27 18:00:00,3.99,28.65790677193901,77.03127627933178,False
TRF_00040,SENSOR_004,2024-09-25 09:00:00,2.96,28.79139563755887,77.00710948152972,False
TRF_00040,SENSOR_004,2024-09-25 09:00:00,11.91,28.531346288052642,77.11199762953073,True
TRF_00040,SENSOR_017,2024-09-25 09:00:00,2.4,28.406669041358843,77.14002884429337,False
TRF_00040,SENSOR_004,2024-09-25 09:00:00,1.78,28.754506720447264,77.2053179076205,False
TRF_00040,SENSOR_011,2024-09-25 09:00:00,2.64,28.744131279640175,77.3519170110979,False
TRF_00040,SENSOR_012,2024-09-25 09:00:00,2.19,28.614931957570384,77.1515763643091,False
TRF_00041,SENSOR_005,2023-02-16 14:00:00,5.43,28.61057989752807,77.19990843142627,False
TRF_00041,SENSOR_008,2023-02-16 14:00:00,5.26,28.485436439344195,77.34676173764875,False
TRF_00041,SENSOR_014,2023-02-16 14:00:00,5.83,28.55412040296249,77.05459886463544,False
TRF_00041,SENSOR_010,2023-02-16 14:00:00,5.26,28.41141668261719,77.22465480908386,False
TRF_00041,SENSOR_005,2023-02-16 14:00:00,5.41,28.658723862061954,77.0635881455841,False
TRF_00041,SENSOR_013,2023-02-16 14:00:00,5.75,28.633615762223805,77.25035235818652,False
TRF_00041,SENSOR_001,2023-02-16 14:00:00,5.59,28.650917667942096,77.20806308625875,False
TRF_00041,SENSOR_018,2023-02-16 14:00:00,5.09,28.484846297961518,77.37057894989346,False
TRF_00041,SENSOR_011,2023-02-16 14:00:00,5.81,28.504334091419615,77.33757120510478,False
TRF_00042,SENSOR_015,2022-02-27 06:00:00,2.14,28.798249164101737,77.06251284861439,False
TRF_00042,SENSOR_010,2022-02-27 06:00:00,2.19,28.479641222641842,77.17277452511524,False
TRF_00042,SENSOR_014,2022-02-27 06:00:00,2.49,28.55239524853724,77.34311516338029,False
TRF_00043,SENSOR_014,2023-02-19 17:00:00,5.93,28.622240140350375,77.05996271653024,False
TRF_00043,SENSOR_017,2023-02-19 17:00:00,6.5,28.400769854147807,77.0795810585586,False
TRF_00043,SENSOR_014,2023-02-19 17:00:00,6.11,28.60837524416892,77.15941612716857,False
TRF_00043,SENSOR_004,2023-02-19 17:00:00,6.39,28.58826340221179,77.3055751172293,False
TRF_00043,SENSOR_006,2023-02-19 17:00:00,6.49,28.701140635540785,77.27514262575245,False
TRF_00043,SENSOR_020,2023-02-19 17:00:00,4.76,28.52097717753851,77.01306787281544,False
TRF_00043,SENSOR_011,2023-02-19 17:00:00,6.33,28.776675583263284,77.19307012833438,False
TRF_00043,SENSOR_004,2023-02-19 17:00:00,6.63,28.5159872263175,77.26787274147884,False
TRF_00043,SENSOR_011,2023-02-19 17:00:00,5.72,28.598517920682312,77.34287164327189,False
TRF_00044,SENSOR_019,2024-10-26 12:00:00,4.62,28.50638277886485,77.32924419398586,False
TRF_00044,SENSOR_015,2024-10-26 12:00:00,3.48,28.44134869144311,77.12532021516009,False
TRF_00044,SENSOR_008,2024-10-26 12:00:00,5.85,28.749527151262157,77.01269747439153,False
TRF_00044,SENSOR_008,2024-10-26 12:00:00,5.08,28.487577108523034,77.1862853668741,False
TRF_00047,SENSOR_005,2024-05-25 07:00:00,5.52,28.41611392122164,77.18051574703213,False
TRF_00047,SENSOR_012,2024-05-25 07:00:00,5.69,28.61113005111624,77.38261091834902,False
TRF_00047,SENSOR_017,2024-05-25 07:00:00,4.51,28.474972853944866,77.08400057255469,False
TRF_00047,SENSOR_006,2024-05-25 07:00:00,5.31,28.74613173462713,77.13125515686428,False
TRF_00048,SENSOR_014,2023-08-01 12:00:00,5.66,28.45547815593615,77.32520160888866,False
TRF_00048,SENSOR_007,2023-08-01 12:00:00,5.92,28.439501851273214,77.36440729102365,False
TRF_00048,SENSOR_009,2023-08-01 12:00:00,6.1,28.75354827944352,77.0603091513597,False
TRF_00048,SENSOR_014,2023-08-01 12:00:00,5.84,28.517324200879237,77.34240952118341,False
TRF_00048,SENSOR_014,2023-08-01 12:00:00,6.02,28.493017535715538,77.10125641811514,False
TRF_00048,SENSOR_005,2023-08-01 12:00:00,5.86,28.584866598519373,77.00245260669676,False
TRF_00048,SENSOR_007,2023-08-01 12:00:00,5.48,28.70096973171017,77.316203038925,False
TRF_00048,SENSOR_001,2023-08-01 12:00:00,5.15,28.560717116926686,77.32663896229258,False
TRF_00048,SENSOR_002,2023-08-01 12:00:00,5.09,28.440754500544745,77.37796962820528,False
TRF_00048,SENSOR_005,2023-08-01 12:00:00,6.21,28.56447833077827,77.34281418103778,False
TRF_00050,SENSOR_002,2024-07-13 13:00:00,6.2,28.51261061334359,77.20439272188234,False
TRF_00050,SENSOR_001,2024-07-13 13:00:00,5.2,28.641391332212866,77.24192864135256,False
TRF_00050,SENSOR_014,2024-07-13 13:00:00,5.1,28.639811463653015,77.02564776780984,False
TRF_00050,SENSOR_009,2024-07-13 13:00:00,5.36,28.431810617008704,77.1509733337348,False
TRF_00050,SENSOR_016,2024-07-13 13:00:00,5.69,28.697708292915756,77.06063890693852,False
TRF_00050,SENSOR_013,2024-07-13 13:00:00,0.16,28.60488442522512,77.03147740768496,True
TRF_00050,SENSOR_002,2024-07-13 13:00:00,4.87,28.569247987957013,77.03290352909886,False
TRF_00050,SENSOR_008,2024-07-13 13:00:00,4.39,28.675490068348143,77.3832695776667,False
TRF_00051,SENSOR_001,2022-12-27 14:00:00,4.29,28.725359809355727,77.01535281434467,False
TRF_00051,SENSOR_004,2022-12-27 14:00:00,5.14,28.670404919087172,77.21912252952457,False
TRF_00051,SENSOR_016,2022-12-27 14:00:00,3.4,28.4365798701295,77.31128053604583,False
TRF_00051,SENSOR_001,2022-12-27 14:00:00,4.36,28.49545370614127,77.27983631492306,False
TRF_00051,SENSOR_020,2022-12-27 14:00:00,4.55,28.739684132781015,77.11266267413865,False
TRF_00051,SENSOR_007,2022-12-27 14:00:00,3.71,28.608611961713542,77.25816380847856,False
TRF_00051,SENSOR_010,2022-12-27 14:00:00,4.4,28.651437486541546,77.15381645842228,False
TRF_00051,SENSOR_002,2022-12-27 14:00:00,3.67,28.590420870918916,77.13266752784182,False
TRF_00051,SENSOR_001,2022-12-27 14:00:00,3.56,28.798000702423664,77.29786452755887,False
TRF_00051,SENSOR_020,2022-12-27 14:00:00,3.95,28.457335941624628,77.09358278908581,False
TRF_00051,SENSOR_010,2022-12-27 14:00:00,3.73,28.515091477988783,77.10977255932943,False
TRF_00053,SENSOR_018,2022-07-08 10:00:00,3.8,28.68835727255405,77.20965427161585,False
TRF_00053,SENSOR_003,2022-07-08 10:00:00,2.91,28.444269448249173,77.27341159459074,False
TRF_00053,SENSOR_001,2022-07-08 10:00:00,3.46,28.4669377194165,77.37266838715826,False
TRF_00053,SENSOR_010,2022-07-08 10:00:00,3.92,28.507741799059524,77.1942905233528,False
TRF_00053,SENSOR_002,2022-07-08 10:00:00,3.46,28.636459901332024,77.21305008220601,False
TRF_00053,SENSOR_011,2022-07-08 10:00:00,3.39,28.49803696868122,77.05837794169832,False
TRF_00054,SENSOR_003,2023-03-30 06:00:00,3.91,28.444845654383894,77.27767332957318,False
TRF_00054,SENSOR_005,2023-03-30 06:00:00,4.01,28.451104040862987,77.09625709829758,False
TRF_00054,SENSOR_005,2023-03-30 06:00:00,4.86,28.405198497849483,77.04919171809539,False
TRF_00055,SENSOR_010,2022-08-26 16:00:00,4.14,28.601706646397915,77.12660806279281,False
TRF_00055,SENSOR_008,2022-08-26 16:00:00,4.76,28.441316418271064,77.11259507405721,False
TRF_00055,SENSOR_008,2022-08-26 16:00:00,3.58,28.61552356410233,77.00009290145321,False
TRF_00055,SENSOR_015,2022-08-26 16:00:00,4.63,28.6308146617033,77.36343972891041,False
TRF_00055,SENSOR_016,2022-08-26 16:00:00,4.65,28.663433523411808,77.11064956809075,False
TRF_00055,SENSOR_019,2022-08-26 16:00:00,-1.5,28.757893112898433,77.30227549037194,True
TRF_00055,SENSOR_002,2022-08-26 16:00:00,5.15,28.524119954693383,77.0120216654689,False
TRF_00056,SENSOR_019,2023-08-27 08:00:00,4.4,28.71084012117697,77.02909453299144,False
TRF_00056,SENSOR_002,2023-08-27 08:00:00,4.35,28.402868889798842,77.2217826966623,False
TRF_00056,SENSOR_018,2023-08-27 08:00:00,4.82,28.483751628119943,77.13901480761064,False
TRF_00056,SENSOR_011,2023-08-27 08:00:00,5.0,28.581384099752007,77.37211258761114,False
TRF_00056,SENSOR_012,2023-08-27 08:00:00,4.01,28.46913399806723,77.1008620374773,False
TRF_00056,SENSOR_016,2023-08-27 08:00:00,4.23,28.40281604414476,77.19089133528423,False
TRF_00056,SENSOR_010,2023-08-27 08:00:00,4.37,28.605593063655903,77.13722791056982,False
TRF_00056,SENSOR_006,2023-08-27 08:00:00,4.76,28.64384713230603,77.16608374353092,False
TRF_00056,SENSOR_003,2023-08-27 08:00:00,4.36,28.643528349158107,77.28435167730255,False
TRF_00058,SENSOR_019,2022-01-16 14:00:00,2.74,28.746831786550853,77.34612041594352,False
TRF_00058,SENSOR_020,2022-01-16 14:00:00,2.2,28.608803418833872,77.16269917240369,False
TRF_00058,SENSOR_019,2022-01-16 14:00:00,2.03,28.490659695691473,77.34106191141976,False
TRF_00058,SENSOR_011,2022-01-16 14:00:00,2.1,28.408123088781206,77.27170066612919,False
TRF_00058,SENSOR_008,2022-01-16 14:00:00,2.9,28.713000615914368,77.15311015888088,False
TRF_00058,SENSOR_010,2022-01-16 14:00:00,2.87,28.740733813333005,77.26568458206731,False
TRF_00058,SENSOR_020,2022-01-16 14:00:00,1.96,28.693189073072535,77.27728869065467,False
TRF_00058,SENSOR_002,2022-01-16 14:00:00,1.96,28.637808335813485,77.13478502410824,False
TRF_00058,SENSOR_008,2022-01-16 14:00:00,1.7,28.789019319491878,77.02883507456221,False
TRF_00058,SENSOR_003,2022-01-16 14:00:00,2.41,28.473630447462263,77.29649901479948,False
TRF_00058,SENSOR_002,2022-01-16 14:00:00,2.0,28.6813666270665,77.07443350655457,False
TRF_00059,SENSOR_007,2022-02-05 11:00:00,2.89,28.648062448727813,77.33659880746491,False
TRF_00059,SENSOR_016,2022-02-05 11:00:00,2.73,28.410267981321354,77.23991621919976,False
TRF_00059,SENSOR_005,2022-02-05 11:00:00,3.63,28.641965194397137,77.34516530039424,False
TRF_00059,SENSOR_013,2022-02-05 11:00:00,3.92,28.458931367777627,77.32849279131449,False
TRF_00059,SENSOR_014,2022-02-05 11:00:00,3.33,28.527438354916995,77.16176199636134,False
TRF_00059,SENSOR_007,2022-02-05 11:00:00,3.19,28.43445241229283,77.28442730106924,False
TRF_00059,SENSOR_017,2022-02-05 11:00:00,1.77,28.46193350986178,77.07536176833653,False
TRF_00059,SENSOR_001,2022-02-05 11:00:00,3.08,28.624013987937417,77.3642422605411,False
TRF_00059,SENSOR_004,2022-02-05 11:00:00,3.9,28.446087183335322,77.24070175094153,False
TRF_00059,SENSOR_003,2022-02-05 11:00:00,3.53,28.43392100713751,77.11014703726408,False
TRF_00062,SENSOR_011,2024-11-09 10:00:00,1.8,28.400846325292832,77.33207180826714,False
TRF_00062,SENSOR_017,2024-11-09 10:00:00,2.93,28.644978434611303,77.27586054324574,False
TRF_00062,SENSOR_001,2024-11-09 10:00:00,1.64,28.55118426423276,77.27309917108394,False
TRF_00062,SENSOR_010,2024-11-09 10:00:00,2.63,28.578763488042206,77.35778819053347,False
TRF_00062,SENSOR_008,2024-11-09 10:00:00,2.41,28.62487019788229,77.17405145037293,False
TRF_00062,SENSOR_010,2024-11-09 10:00:00,11.32,28.476966810533852,77.21638723472944,True
TRF_00063,SENSOR_020,2023-10-18 10:00:00,3.11,28.71388400154375,77.31022708194124,False
TRF_00063,SENSOR_007,2023-10-18 10:00:00,1.53,28.736752021015388,77.16577075550376,False
TRF_00063,SENSOR_008,2023-10-18 10:00:00,2.48,28.78622726761327,77.08041318674468,False
TRF_00064,SENSOR_020,2024-09-26 08:00:00,2.48,28.75635359256186,77.12953435611624,False
TRF_00064,SENSOR_006,2024-09-26 08:00:00,3.24,28.558844757761932,77.35466014873509,False
TRF_00064,SENSOR_009,2024-09-26 08:00:00,2.39,28.43922079564355,77.28900767873346,False
TRF_00064,SENSOR_011,2024-09-26 08:00:00,2.78,28.579390601295238,77.14090931962751,False
TRF_00064,SENSOR_018,2024-09-26 08:00:00,3.03,28.610478136296273,77.33920661388082,False
TRF_00064,SENSOR_016,2024-09-26 08:00:00,1.88,28.537020035842698,77.22363252870758,False
TRF_00065,SENSOR_007,2023-02-12 12:00:00,2.02,28.668008153422097,77.26406109124446,False
TRF_00065,SENSOR_001,2023-02-12 12:00:00,3.65,28.658035607448777,77.20105795647723,False
TRF_00065,SENSOR_010,2023-02-12 12:00:00,2.72,28.76141951517849,77.08503191202298,False
TRF_00065,SENSOR_017,2023-02-12 12:00:00,2.93,28.73579045480276,77.34206737346871,False
TRF_00065,SENSOR_018,2023-02-12 12:00:00,2.66,28.74667671125655,77.23287658520911,False
TRF_00065,SENSOR_013,2023-02-12 12:00:00,2.52,28.445682353676943,77.22969755742297,False
TRF_00065,SENSOR_007,2023-02-12 12:00:00,3.03,28.780485053705306,77.25233163019173,False
TRF_00065,SENSOR_004,2023-02-12 12:00:00,2.52,28.608984471809446,77.24761992237089,False
TRF_00066,SENSOR_007,2024-05-08 15:00:00,2.85,28.41332206844936,77.34767958273099,False
TRF_00066,SENSOR_016,2024-05-08 15:00:00,3.41,28.43358441441764,77.06978830562872,False
TRF_00066,SENSOR_007,2024-05-08 15:00:00,3.03,28.763224830082606,77.24712161857745,False
TRF_00066,SENSOR_020,2024-05-08 15:00:00,3.37,28.424409932295806,77.39209181994931,False
TRF_00066,SENSOR_004,2024-05-08 15:00:00,2.25,28.726993347892126,77.15343613017552,False
TRF_00066,SENSOR_018,2024-05-08 15:00:00,3.56,28.697111500791234,77.11171321069388,False
TRF_00066,SENSOR_001,2024-05-08 15:00:00,2.82,28.58518520712247,77.0686176990394,False
TRF_00066,SENSOR_017,2024-05-08 15:00:00,3.03,28.739558609894825,77.25641608844084,False
TRF_00067,SENSOR_017,2023-04-28 09:00:00,5.56,28.581975021762542,77.3098224161652,False
TRF_00067,SENSOR_017,2023-04-28 09:00:00,5.35,28.75483373795113,77.02317756028313,False
TRF_00067,SENSOR_008,2023-04-28 09:00:00,6.06,28.70569037604956,77.15991950181531,False
TRF_00067,SENSOR_012,2023-04-28 09:00:00,-1.65,28.49158882168748,77.02763273605355,True
TRF_00067,SENSOR_008,2023-04-28 09:00:00,-1.67,28.566258099841015,77.393917187288,True
TRF_00067,SENSOR_004,2023-04-28 09:00:00,5.87,28.676677044861314,77.04945340827543,False
TRF_00067,SENSOR_003,2023-04-28 09:00:00,6.49,28.428093620532835,77.10003669582686,False
TRF_00067,SENSOR_019,2023-04-28 09:00:00,5.53,28.723568612023087,77.33557298558148,False
TRF_00067,SENSOR_006,2023-04-28 09:00:00,5.7,28.564693553090365,77.19489168433813,False
TRF_00067,SENSOR_018,2023-04-28 09:00:00,4.93,28.64353633731103,77.0647509949831,False
TRF_00067,SENSOR_005,2023-04-28 09:00:00,5.28,28.731623367492926,77.19520106089436,False
TRF_00067,SENSOR_015,2023-04-28 09:00:00,5.74,28.675835849083537,77.36139009710011,False
TRF_00069,SENSOR_002,2023-06-17 10:00:00,3.83,28.4323949001806,77.26221941183492,False
TRF_00069,SENSOR_002,2023-06-17 10:00:00,2.79,28.401048170971727,77.06500199842169,False
TRF_00069,SENSOR_009,2023-06-17 10:00:00,3.26,28.421151469878836,77.07599211587412,False
TRF_00070,SENSOR_017,2023-10-03 06:00:00,3.08,28.50186706781706,77.05324732283682,False
TRF_00070,SENSOR_016,2023-10-03 06:00:00,2.95,28.546478585791732,77.31672668333763,False
TRF_00070,SENSOR_019,2023-10-03 06:00:00,3.38,28.77985851967541,77.28997995507208,False
TRF_00070,SENSOR_012,2023-10-03 06:00:00,2.81,28.748832766944602,77.37646175889914,False
TRF_00070,SENSOR_008,2023-10-03 06:00:00,2.47,28.500040786805368,77.35700343505248,False
TRF_00073,SENSOR_012,2022-02-11 18:00:00,5.11,28.494507652033274,77.05133919487812,False
TRF_00073,SENSOR_016,2022-02-11 18:00:00,5.49,28.70639620202476,77.01373560501492,False
TRF_00073,SENSOR_002,2022-02-11 18:00:00,5.64,28.417397066195583,77.37119082098162,False
TRF_00073,SENSOR_004,2022-02-11 18:00:00,-0.05,28.598077697077944,77.30091212310536,True
TRF_00073,SENSOR_020,2022-02-11 18:00:00,6.11,28.4976567804432,77.10499664361308,False
TRF_00073,SENSOR_020,2022-02-11 18:00:00,4.86,28.503040303837597,77.29371881061516,False
TRF_00073,SENSOR_003,2022-02-11 18:00:00,5.75,28.46105890354888,77.28139517587935,False
TRF_00073,SENSOR_015,2022-02-11 18:00:00,5.68,28.5767722358525,77.27442001080077,False
TRF_00073,SENSOR_015,2022-02-11 18:00:00,6.35,28.569431228897606,77.11035731767927,False
TRF_00073,SENSOR_003,2022-02-11 18:00:00,6.08,28.785503603865337,77.05815758171634,False
TRF_00074,SENSOR_009,2024-10-13 09:00:00,6.47,28.777134500824946,77.20767944181996,False
TRF_00074,SENSOR_002,2024-10-13 09:00:00,5.82,28.43559258769578,77.33675930831087,False
TRF_00074,SENSOR_016,2024-10-13 09:00:00,4.96,28.685893034926117,77.05769073190304,False
TRF_00074,SENSOR_006,2024-10-13 09:00:00,6.22,28.497667549000788,77.19083491503038,False
TRF_00074,SENSOR_009,2024-10-13 09:00:00,5.8,28.564220896592207,77.05962934309645,False
TRF_00074,SENSOR_005,2024-10-13 09:00:00,-1.06,28.54502661419584,77.0064529944119,True
TRF_00075,SENSOR_014,2024-01-15 09:00:00,2.7,28.474039543360316,77.37413572444602,False
TRF_00075,SENSOR_011,2024-01-15 09:00:00,3.09,28.73672519310606,77.35182384382783,False
TRF_00075,SENSOR_015,2024-01-15 09:00:00,2.07,28.718841496562103,77.24649770162938,False
TRF_00075,SENSOR_016,2024-01-15 09:00:00,1.87,28.644025427464076,77.32227948890961,False
TRF_00079,SENSOR_004,2024-09-02 10:00:00,2.13,28.766230711442972,77.06498974191975,False
TRF_00079,SENSOR_001,2024-09-02 10:00:00,1.42,28.490481072569743,77.11173841801974,False
TRF_00079,SENSOR_007,2024-09-02 10:00:00,2.78,28.696709795399563,77.20144429706721,False
TRF_00079,SENSOR_002,2024-09-02 10:00:00,1.94,28.439195180526443,77.19409927388762,False
TRF_00079,SENSOR_016,2024-09-02 10:00:00,2.11,28.59940809513007,77.32861494231001,False
TRF_00079,SENSOR_004,2024-09-02 10:00:00,1.45,28.476856133090248,77.37276558677722,False
TRF_00080,SENSOR_008,2024-03-27 11:00:00,3.45,28.739645451809732,77.35063075132516,False
TRF_00080,SENSOR_014,2024-03-27 11:00:00,3.05,28.588766982437168,77.17963314401179,False
TRF_00080,SENSOR_010,2024-03-27 11:00:00,2.45,28.68279370474169,77.2210120771452,False
TRF_00080,SENSOR_011,2024-03-27 11:00:00,3.72,28.560387108963994,77.15758367948123,False
TRF_00081,SENSOR_018,2024-09-08 09:00:00,2.76,28.600599526724274,77.11746865945715,False
TRF_00081,SENSOR_011,2024-09-08 09:00:00,2.37,28.794390303383757,77.25141861867341,False
TRF_00081,SENSOR_001,2024-09-08 09:00:00,3.62,28.61119375730818,77.00330917452014,False
TRF_00081,SENSOR_010,2024-09-08 09:00:00,2.16,28.65285278496296,77.04444261477747,False
TRF_00081,SENSOR_007,2024-09-08 09:00:00,2.31,28.597818179199077,77.08983606944159,False
TRF_00081,SENSOR_009,2024-09-08 09:00:00,2.24,28.69139669102349,77.13169199076101,False
TRF_00081,SENSOR_010,2024-09-08 09:00:00,2.53,28.556866274753705,77.04600300452734,False
TRF_00081,SENSOR_019,2024-09-08 09:00:00,2.01,28.734477775581936,77.33770497800066,False
TRF_00081,SENSOR_010,2024-09-08 09:00:00,3.41,28.684678905226495,77.02681709173255,False
TRF_00081,SENSOR_013,2024-09-08 09:00:00,2.95,28.427669223743273,77.0113972306359,False
TRF_00081,SENSOR_001,2024-09-08 09:00:00,2.58,28.650299314553706,77.24997792233657,False
TRF_00081,SENSOR_011,2024-09-08 09:00:00,1.85,28.59140992235954,77.08901256765135,False
TRF_00082,SENSOR_020,2023-09-23 15:00:00,2.36,28.533812215467766,77.00682987352407,False
TRF_00082,SENSOR_006,2023-09-23 15:00:00,2.74,28.703635215765246,77.09608995742963,False
TRF_00082,SENSOR_006,2023-09-23 15:00:00,2.52,28.533988674379714,77.05799060759139,False
TRF_00082,SENSOR_002,2023-09-23 15:00:00,3.47,28.53173931955073,77.14488248827443,False
TRF_00082,SENSOR_019,2023-09-23 15:00:00,3.92,28.537587060326043,77.36012644375947,False
TRF_00082,SENSOR_003,2023-09-23 15:00:00,3.02,28.675908257031864,77.3674641929075,False
TRF_00083,SENSOR_009,2023-09-03 09:00:00,6.33,28.508634390984678,77.2090782287602,False
TRF_00083,SENSOR_003,2023-09-03 09:00:00,5.84,28.537526976394375,77.16578100874474,False
TRF_00083,SENSOR_018,2023-09-03 09:00:00,6.31,28.453985172923307,77.04294168088417,False
TRF_00083,SENSOR_013,2023-09-03 09:00:00,4.75,28.493472385851227,77.12217976320507,False
TRF_00083,SENSOR_013,2023-09-03 09:00:00,4.87,28.594414682439712,77.28764980198227,False
TRF_00084,SENSOR_015,2024-05-09 07:00:00,4.49,28.510861208298557,77.09922530943284,False
TRF_00084,SENSOR_011,2024-05-09 07:00:00,5.31,28.54376891364459,77.12715574599144,False
TRF_00084,SENSOR_018,2024-05-09 07:00:00,4.41,28.75223327150369,77.0185751389313,False
TRF_00084,SENSOR_009,2024-05-09 07:00:00,4.74,28.64811398675792,77.04410845726176,False
TRF_00084,SENSOR_007,2024-05-09 07:00:00,5.52,28.51859708208467,77.04498095223119,False
TRF_00084,SENSOR_005,2024-05-09 07:00:00,4.0,28.633226882999438,77.17017494050843,False
TRF_00084,SENSOR_002,2024-05-09 07:00:00,4.01,28.536709239647774,77.33462559171826,False
TRF_00084,SENSOR_011,2024-05-09 07:00:00,3.96,28.634645364664497,77.04765454667499,False
TRF_00084,SENSOR_007,2024-05-09 07:00:00,5.69,28.498678003544025,77.27121185499259,False
TRF_00084,SENSOR_002,2024-05-09 07:00:00,4.87,28.583931596103593,77.15122427682493,False
TRF_00084,SENSOR_005,2024-05-09 07:00:00,4.25,28.402153223610448,77.30969118955721,False
TRF_00086,SENSOR_006,2022-12-20 17:00:00,2.84,28.439552289669397,77.34473506461586,False
TRF_00086,SENSOR_006,2022-12-20 17:00:00,3.28,28.431975153683037,77.1450999801022,False
TRF_00086,SENSOR_019,2022-12-20 17:00:00,2.63,28.655847404159317,77.17167055993468,False
TRF_00086,SENSOR_015,2022-12-20 17:00:00,3.7,28.404425033306502,77.2046515943351,False
TRF_00086,SENSOR_002,2022-12-20 17:00:00,2.63,28.614383557095977,77.17678569687354,False
TRF_00086,SENSOR_007,2022-12-20 17:00:00,2.38,28.412096587621246,77.05288569291149,False
TRF_00086,SENSOR_016,2022-12-20 17:00:00,2.67,28.698175901872833,77.33886511980467,False
TRF_00086,SENSOR_008,2022-12-20 17:00:00,13.58,28.66866491962164,77.39233688240417,True
TRF_00086,SENSOR_009,2022-12-20 17:00:00,2.74,28.59643684994966,77.32563404462206,False
TRF_00086,SENSOR_016,2022-12-20 17:00:00,3.27,28.765939557773933,77.16665147454016,False
TRF_00087,SENSOR_007,2022-12-17 07:00:00,5.14,28.690265642818453,77.34636716994747,False
TRF_00087,SENSOR_004,2022-12-17 07:00:00,4.56,28.584084609879636,77.15627415871559,False
TRF_00087,SENSOR_010,2022-12-17 07:00:00,4.05,28.515892801128878,77.08553090902976,False
TRF_00088,SENSOR_011,2022-04-26 08:00:00,5.75,28.4270139894829,77.01174332848798,False
TRF_00088,SENSOR_002,2022-04-26 08:00:00,4.97,28.499798308380306,77.00026403344668,False
TRF_00088,SENSOR_007,2022-04-26 08:00:00,5.21,28.712535459754555,77.35015456863854,False
TRF_00088,SENSOR_002,2022-04-26 08:00:00,5.64,28.682692435915932,77.18836803042615,False
TRF_00088,SENSOR_007,2022-04-26 08:00:00,5.57,28.70985172539812,77.01471604100776,False
TRF_00088,SENSOR_019,2022-04-26 08:00:00,6.01,28.77828698491689,77.13525484930148,False
TRF_00088,SENSOR_018,2022-04-26 08:00:00,5.03,28.6275840517465,77.06027266798975,False
TRF_00088,SENSOR_002,2022-04-26 08:00:00,5.65,28.466506235272764,77.24481568743816,False
TRF_00088,SENSOR_015,2022-04-26 08:00:00,5.17,28.420098222619355,77.2046675966768,False
TRF_00088,SENSOR_004,2022-04-26 08:00:00,5.29,28.697948685455284,77.12709666683412,False
TRF_00089,SENSOR_001,2024-02-20 14:00:00,2.1,28.742988567583104,77.39644016612615,False
TRF_00089,SENSOR_004,2024-02-20 14:00:00,1.78,28.524822997079983,77.2554142753648,False
TRF_00089,SENSOR_007,2024-02-20 14:00:00,2.53,28.638709447178517,77.30449408522281,False
TRF_00089,SENSOR_007,2024-02-20 14:00:00,2.14,28.630517937588795,77.29912747989475,False
TRF_00089,SENSOR_008,2024-02-20 14:00:00,2.32,28.68669444888152,77.03196086584698,False
TRF_00089,SENSOR_012,2024-02-20 14:00:00,2.75,28.64249758117867,77.32681851017725,False
TRF_00089,SENSOR_002,2024-02-20 14:00:00,2.14,28.5446297902172,77.35105666697874,False
TRF_00089,SENSOR_010,2024-02-20 14:00:00,2.76,28.588231672219134,77.09479679751472,False
TRF_00089,SENSOR_018,2024-02-20 14:00:00,2.04,28.71288451816802,77.24484168254308,False
TRF_00089,SENSOR_011,2024-02-20 14:00:00,2.12,28.61320258886323,77.12399116661933,False
TRF_00089,SENSOR_004,2024-02-20 14:00:00,2.68,28.74916713683442,77.29349156478584,False
TRF_00089,SENSOR_017,2024-02-20 14:00:00,3.0,28.499116788386,77.38104307077701,False
TRF_00090,SENSOR_008,2024-06-12 16:00:00,5.45,28.6808527231002,77.33146599547588,False
TRF_00090,SENSOR_013,2024-06-12 16:00:00,4.48,28.506233204592974,77.01781717599921,False
TRF_00090,SENSOR_003,2024-06-12 16:00:00,4.28,28.776667978721704,77.36863603816245,False
TRF_00090,SENSOR_011,2024-06-12 16:00:00,5.17,28.46863848798335,77.16950509397223,False
TRF_00090,SENSOR_002,2024-06-12 16:00:00,5.23,28.721068879474934,77.07789571420247,False
TRF_00090,SENSOR_002,2024-06-12 16:00:00,4.52,28.66216506368575,77.09522029213909,False
TRF_00090,SENSOR_012,2024-06-12 16:00:00,4.79,28.795691896346366,77.31506306783476,False
TRF_00090,SENSOR_019,2024-06-12 16:00:00,5.55,28.578760355512483,77.30361834323377,False
TRF_00090,SENSOR_010,2024-06-12 16:00:00,4.64,28.610569869126877,77.3635242697892,False
TRF_00090,SENSOR_006,2024-06-12 16:00:00,4.5,28.797458634732305,77.28264893485243,False
TRF_00091,SENSOR_004,2023-11-27 17:00:00,4.61,28.409303710499536,77.31587103184997,False
TRF_00091,SENSOR_002,2023-11-27 17:00:00,4.45,28.45920976420741,77.20140352056319,False
TRF_00091,SENSOR_010,2023-11-27 17:00:00,4.99,28.40805682072336,77.37571698798948,False
TRF_00091,SENSOR_007,2023-11-27 17:00:00,5.05,28.620883270689795,77.39623777584714,False
TRF_00091,SENSOR_010,2023-11-27 17:00:00,5.2,28.466029905095006,77.27899561772898,False
TRF_00091,SENSOR_011,2023-11-27 17:00:00,4.64,28.77258467045036,77.01778792922639,False
TRF_00091,SENSOR_014,2023-11-27 17:00:00,4.06,28.62986242965945,77.19678251641875,False
TRF_00091,SENSOR_017,2023-11-27 17:00:00,5.38,28.41466092173714,77.35444683803699,False
TRF_00092,SENSOR_016,2024-04-11 11:00:00,4.05,28.409568413576178,77.38997077380006,False
TRF_00092,SENSOR_004,2024-04-11 11:00:00,4.15,28.45751553510545,77.00543946462626,False
TRF_00092,SENSOR_001,2024-04-11 11:00:00,4.29,28.789608716342943,77.197602126789,False
TRF_00093,SENSOR_010,2023-12-08 06:00:00,6.08,28.52430897049637,77.15141220694603,False
TRF_00093,SENSOR_006,2023-12-08 06:00:00,6.53,28.654342280618316,77.39197511762224,False
TRF_00093,SENSOR_011,2023-12-08 06:00:00,4.99,28.485799800554183,77.20497572524502,False
TRF_00093,SENSOR_010,2023-12-08 06:00:00,6.52,28.697499816116764,77.04259256483373,False
TRF_00093,SENSOR_001,2023-12-08 06:00:00,5.68,28.56545398547626,77.24285968851696,False
TRF_00093,SENSOR_012,2023-12-08 06:00:00,5.59,28.648136222667773,77.3103598265921,False
TRF_00093,SENSOR_010,2023-12-08 06:00:00,5.91,28.523992119462672,77.00287771180567,False
TRF_00093,SENSOR_016,2023-12-08 06:00:00,6.43,28.68637788995623,77.3152665684411,False
TRF_00093,SENSOR_016,2023-12-08 06:00:00,5.18,28.545362602487298,77.24838735686946,False
TRF_00094,SENSOR_016,2023-12-22 10:00:00,3.29,28.59932996938106,77.11420545842758,False
TRF_00094,SENSOR_007,2023-12-22 10:00:00,3.83,28.782756425930756,77.31606329489067,False
TRF_00094,SENSOR_003,2023-12-22 10:00:00,3.76,28.7073918516475,77.06967061784388,False
TRF_00094,SENSOR_018,2023-12-22 10:00:00,4.18,28.688325728497443,77.32569711663945,False
TRF_00094,SENSOR_011,2023-12-22 10:00:00,3.38,28.697108786153578,77.26844935560024,False
TRF_00094,SENSOR_007,2023-12-22 10:00:00,3.03,28.59894886895224,77.13121076141957,False
TRF_00095,SENSOR_010,2023-12-13 16:00:00,5.58,28.642930729906436,77.06875552214763,False
TRF_00095,SENSOR_015,2023-12-13 16:00:00,5.97,28.72634706205482,77.07022207199559,False
TRF_00095,SENSOR_015,2023-12-13 16:00:00,6.54,28.443041763664045,77.18878523695773,False
TRF_00098,SENSOR_016,2024-12-05 07:00:00,4.28,28.429480349529353,77.18515544640398,False
TRF_00098,SENSOR_014,2024-12-05 07:00:00,3.06,28.52186530669583,77.35030348194167,False
TRF_00098,SENSOR_005,2024-12-05 07:00:00,4.62,28.49290291089678,77.19072345999558,False
TRF_00098,SENSOR_006,2024-12-05 07:00:00,3.9,28.550979894242186,77.00632087013248,False
TRF_00098,SENSOR_010,2024-12-05 07:00:00,3.67,28.504564291478683,77.0068905671092,False
TRF_00098,SENSOR_013,2024-12-05 07:00:00,4.06,28.67222664132788,77.00447499382327,False
TRF_00098,SENSOR_016,2024-12-05 07:00:00,4.12,28.63787100185966,77.20123361089587,False
TRF_00098,SENSOR_020,2024-12-05 07:00:00,3.54,28.498226435453184,77.38463448604625,False
TRF_00099,SENSOR_017,2023-11-20 08:00:00,1.47,28.435187100915478,77.0934460585508,False
TRF_00099,SENSOR_005,2023-11-20 08:00:00,0.34,28.419443904615783,77.21174813032127,True
TRF_00099,SENSOR_013,2023-11-20 08:00:00,2.17,28.59228874624007,77.03261149418768,False
TRF_00099,SENSOR_007,2023-11-20 08:00:00,2.27,28.431471634678385,77.09723731219914,False
TRF_00099,SENSOR_019,2023-11-20 08:00:00,1.35,28.737825576871515,77.15055483038567,False
TRF_00099,SENSOR_019,2023-11-20 08:00:00,2.3,28.52347352998112,77.2209765036124,False
TRF_00100,SENSOR_002,2022-09-12 12:00:00,5.73,28.47894531862331,77.22676246160322,False
TRF_00100,SENSOR_014,2022-09-12 12:00:00,5.5,28.614935262821056,77.02502607440574,False
TRF_00100,SENSOR_012,2022-09-12 12:00:00,5.72,28.6913723947426,77.04927890769234,False
TRF_00101,SENSOR_015,2024-06-14 11:00:00,6.08,28.611806684244094,77.3026887430583,False
TRF_00101,SENSOR_017,2024-06-14 11:00:00,5.82,28.420001398571433,77.17860773730249,False
TRF_00101,SENSOR_004,2024-06-14 11:00:00,4.61,28.447615228311495,77.09415123183884,False
TRF_00101,SENSOR_008,2024-06-14 11:00:00,5.35,28.64242553274516,77.24858212498744,False
TRF_00101,SENSOR_015,2024-06-14 11:00:00,5.13,28.604996891296413,77.33171483142424,False
TRF_00101,SENSOR_019,2024-06-14 11:00:00,5.47,28.50405341399371,77.11531821412734,False
TRF_00101,SENSOR_003,2024-06-14 11:00:00,5.57,28.577113448322816,77.0851654573719,False
TRF_00101,SENSOR_018,2024-06-14 11:00:00,4.81,28.59104586910318,77.11176833730734,False
TRF_00103,SENSOR_020,2022-09-30 11:00:00,2.77,28.57589274673106,77.17107092280393,False
TRF_00103,SENSOR_003,2022-09-30 11:00:00,4.08,28.63840047805592,77.304739032578,False
TRF_00103,SENSOR_014,2022-09-30 11:00:00,3.2,28.659402682344048,77.09151126255927,False
TRF_00103,SENSOR_018,2022-09-30 11:00:00,2.84,28.438065563280862,77.01780439786071,False
TRF_00103,SENSOR_014,2022-09-30 11:00:00,3.12,28.77223216803336,77.1098383979323,False
TRF_00103,SENSOR_009,2022-09-30 11:00:00,2.61,28.508338969671506,77.3190532189508,False
TRF_00103,SENSOR_009,2022-09-30 11:00:00,3.49,28.568299205267234,77.37601252406711,False
TRF_00103,SENSOR_001,2022-09-30 11:00:00,3.61,28.626069824311752,77.08958923176746,False
TRF_00103,SENSOR_012,2022-09-30 11:00:00,3.93,28.541561357879452,77.17224176988131,False
TRF_00103,SENSOR_015,2022-09-30 11:00:00,3.46,28.60815246783128,77.12436874444943,False
TRF_00103,SENSOR_016,2022-09-30 11:00:00,4.01,28.56331999371544,77.27594622663419,False
TRF_00104,SENSOR_001,2023-09-12 16:00:00,4.0,28.500651840834664,77.06729916126865,False
TRF_00104,SENSOR_010,2023-09-12 16:00:00,2.82,28.410030158340955,77.26916905094762,False
TRF_00104,SENSOR_004,2023-09-12 16:00:00,3.03,28.778802948918848,77.2712494726398,False
TRF_00104,SENSOR_019,2023-09-12 16:00:00,3.11,28.556435752337347,77.2187811040889,False
TRF_00104,SENSOR_007,2023-09-12 16:00:00,2.14,28.796370928064995,77.33834217344774,False
TRF_00104,SENSOR_016,2023-09-12 16:00:00,2.23,28.68502887341644,77.10624158198303,False
TRF_00105,SENSOR_001,2022-10-16 12:00:00,2.63,28.756215147888167,77.31730218786964,False
TRF_00105,SENSOR_008,2022-10-16 12:00:00,2.58,28.565731219114042,77.05102887877264,False
TRF_00105,SENSOR_019,2022-10-16 12:00:00,2.7,28.404996612973786,77.00539851727285,False
TRF_00105,SENSOR_004,2022-10-16 12:00:00,-0.6,28.754596952162387,77.1307995607329,True
TRF_00105,SENSOR_010,2022-10-16 12:00:00,2.89,28.743295850544975,77.05768292670925,False
TRF_00105,SENSOR_006,2022-10-16 12:00:00,3.53,28.723863970061092,77.11532067596703,False
TRF_00105,SENSOR_001,2022-10-16 12:00:00,2.64,28.47432381561991,77.03808380798577,False
TRF_00106,SENSOR_017,2023-10-25 14:00:00,3.95,28.742268462640983,77.26062828766251,False
TRF_00106,SENSOR_019,2023-10-25 14:00:00,4.19,28.729120669417206,77.36872891309972,False
TRF_00106,SENSOR_009,2023-10-25 14:00:00,4.43,28.650794172826522,77.08967610835366,False
TRF_00106,SENSOR_011,2023-10-25 14:00:00,3.76,28.472497108008508,77.34698696383491,False
TRF_00107,SENSOR_019,2023-11-26 12:00:00,2.05,28.41956539317546,77.17560927348384,False
TRF_00107,SENSOR_011,2023-11-26 12:00:00,1.83,28.66504653680286,77.06830196801691,False
TRF_00107,SENSOR_002,2023-11-26 12:00:00,1.6,28.764264165198757,77.0309315411268,False
TRF_00107,SENSOR_017,2023-11-26 12:00:00,1.79,28.69070231110456,77.23609873401625,False
TRF_00107,SENSOR_014,2023-11-26 12:00:00,2.33,28.434504908876296,77.11364302918963,False
TRF_00107,SENSOR_006,2023-11-26 12:00:00,2.59,28.54979862103895,77.08097322464556,False
TRF_00107,SENSOR_009,2023-11-26 12:00:00,2.19,28.436993992253587,77.00372866028303,False
TRF_00107,SENSOR_017,2023-11-26 12:00:00,2.5,28.452771114703978,77.26649811667507,False
TRF_00107,SENSOR_010,2023-11-26 12:00:00,2.19,28.432700113962454,77.16552573637806,False
TRF_00107,SENSOR_019,2023-11-26 12:00:00,1.79,28.730476903390887,77.05254762872583,False
TRF_00107,SENSOR_014,2023-11-26 12:00:00,2.34,28.444415483372385,77.17780510614317,False
TRF_00109,SENSOR_012,2022-12-11 07:00:00,5.42,28.784368177966297,77.14175279435162,False
TRF_00109,SENSOR_010,2022-12-11 07:00:00,5.27,28.4655265862826,77.22888245882777,False
TRF_00109,SENSOR_015,2022-12-11 07:00:00,4.04,28.65017852800955,77.03235350820219,False
TRF_00110,SENSOR_006,2022-03-01 18:00:00,-0.08,28.509925162255886,77.33500809641356,True
TRF_00110,SENSOR_001,2022-03-01 18:00:00,5.27,28.52014037691629,77.17759908748212,False
TRF_00110,SENSOR_007,2022-03-01 18:00:00,5.93,28.662327423866703,77.27001884827686,False
TRF_00110,SENSOR_019,2022-03-01 18:00:00,5.39,28.454004208035474,77.29642209222337,False
TRF_00110,SENSOR_003,2022-03-01 18:00:00,5.45,28.43023761822605,77.25490481163312,False
TRF_00110,SENSOR_019,2022-03-01 18:00:00,5.18,28.62329684514008,77.26748546739852,False
TRF_00110,SENSOR_002,2022-03-01 18:00:00,4.21,28.65949884116664,77.14726988188646,False
TRF_00110,SENSOR_001,2022-03-01 18:00:00,5.33,28.531625506031734,77.22363537206007,False
TRF_00110,SENSOR_009,2022-03-01 18:00:00,5.28,28.557763385750484,77.32341775271851,False
TRF_00110,SENSOR_009,2022-03-01 18:00:00,4.75,28.46208477607231,77.05444790416362,False
TRF_00110,SENSOR_020,2022-03-01 18:00:00,4.94,28.71335207294157,77.02566418148103,False
TRF_00110,SENSOR_018,2022-03-01 18:00:00,4.75,28.571130731628916,77.16749997559137,False
TRF_00111,SENSOR_010,2024-10-09 13:00:00,4.47,28.772033995340696,77.37168033656071,False
TRF_00111,SENSOR_004,2024-10-09 13:00:00,3.64,28.658676689482625,77.19377146553573,False
TRF_00111,SENSOR_019,2024-10-09 13:00:00,4.15,28.73571796098635,77.29307576832655,False
TRF_00111,SENSOR_002,2024-10-09 13:00:00,4.13,28.768952427022068,77.25665286192806,False
TRF_00111,SENSOR_014,2024-10-09 13:00:00,4.63,28.757082328877058,77.01402492991676,False
TRF_00111,SENSOR_007,2024-10-09 13:00:00,4.13,28.470828350293072,77.28368344849198,False
TRF_00111,SENSOR_012,2024-10-09 13:00:00,4.02,28.77989483152429,77.323228860689,False
TRF_00111,SENSOR_013,2024-10-09 13:00:00,4.03,28.6770239215079,77.24609589700928,False
TRF_00111,SENSOR_007,2024-10-09 13:00:00,-0.73,28.491747256737025,77.04420877364487,True
TRF_00111,SENSOR_011,2024-10-09 13:00:00,13.79,28.480345288692842,77.32086454489635,True
TRF_00115,SENSOR_019,2024-05-04 08:00:00,3.39,28.725954254438523,77.1165113400432,False
TRF_00115,SENSOR_020,2024-05-04 08:00:00,2.91,28.4323234769637,77.13036193529535,False
TRF_00115,SENSOR_002,2024-05-04 08:00:00,3.15,28.76192902326778,77.24871918995696,False
TRF_00115,SENSOR_013,2024-05-04 08:00:00,4.39,28.570696472373122,77.09701424813932,False
TRF_00115,SENSOR_012,2024-05-04 08:00:00,4.23,28.755735953930053,77.00602143199652,False
TRF_00116,SENSOR_018,2024-07-22 16:00:00,2.89,28.74878099378432,77.00518271003243,False
TRF_00116,SENSOR_001,2024-07-22 16:00:00,2.67,28.758561159412693,77.31688200190784,False
TRF_00116,SENSOR_007,2024-07-22 16:00:00,3.08,28.644967768127128,77.19180498917109,False
TRF_00116,SENSOR_004,2024-07-22 16:00:00,3.55,28.48797636871989,77.30289396047093,False
TRF_00116,SENSOR_004,2024-07-22 16:00:00,3.53,28.786438369065515,77.19946313122296,False
TRF_00116,SENSOR_013,2024-07-22 16:00:00,3.63,28.748738234452734,77.16134663575102,False
TRF_00116,SENSOR_005,2024-07-22 16:00:00,3.29,28.512949161694205,77.32813682577387,False
TRF_00116,SENSOR_017,2024-07-22 16:00:00,4.31,28.49441960552093,77.26038237526232,False
TRF_00116,SENSOR_019,2024-07-22 16:00:00,3.67,28.528310589970147,77.20479084021103,False
TRF_00116,SENSOR_010,2024-07-22 16:00:00,3.2,28.404821404355324,77.3576037517537,False
TRF_00116,SENSOR_005,2024-07-22 16:00:00,4.57,28.723476764219832,77.37787470289379,False
TRF_00117,SENSOR_012,2024-01-23 06:00:00,5.86,28.56728603842182,77.02246216123581,False
TRF_00117,SENSOR_013,2024-01-23 06:00:00,5.62,28.63554617969988,77.21255526493371,False
TRF_00117,SENSOR_011,2024-01-23 06:00:00,6.1,28.444529088687414,77.32823436888364,False
TRF_00117,SENSOR_007,2024-01-23 06:00:00,5.38,28.774408409725815,77.02912798388455,False
TRF_00117,SENSOR_020,2024-01-23 06:00:00,6.14,28.558329969308055,77.07525108262094,False
TRF_00117,SENSOR_002,2024-01-23 06:00:00,6.72,28.465539198593433,77.03413800179331,False
TRF_00117,SENSOR_012,2024-01-23 06:00:00,6.62,28.47757493981603,77.38997931447713,False
TRF_00118,SENSOR_018,2023-04-07 13:00:00,6.28,28.714700495072517,77.01184215643616,False
TRF_00118,SENSOR_012,2023-04-07 13:00:00,5.66,28.570329438769832,77.15903146181819,False
TRF_00118,SENSOR_018,2023-04-07 13:00:00,6.02,28.636278181657055,77.34880578328715,False
TRF_00118,SENSOR_016,2023-04-07 13:00:00,5.53,28.74032132295049,77.39619770948975,False
TRF_00118,SENSOR_020,2023-04-07 13:00:00,5.82,28.729954692434752,77.3074429955034,False
TRF_00118,SENSOR_008,2023-04-07 13:00:00,5.36,28.42578857366888,77.30272146743661,False
TRF_00118,SENSOR_005,2023-04-07 13:00:00,6.3,28.48568368796981,77.32176952018837,False
TRF_00118,SENSOR_012,2023-04-07 13:00:00,5.41,28.600004333380443,77.06331158404544,False
TRF_00121,SENSOR_017,2024-12-05 09:00:00,2.46,28.424914596076714,77.01130899125758,False
TRF_00121,SENSOR_006,2024-12-05 09:00:00,2.6,28.560919751654435,77.3066779531045,False
TRF_00121,SENSOR_011,2024-12-05 09:00:00,2.16,28.499358366873736,77.13349978170001,False
TRF_00121,SENSOR_017,2024-12-05 09:00:00,2.36,28.673457910576477,77.31282781575038,False
TRF_00121,SENSOR_010,2024-12-05 09:00:00,2.64,28.495993042681082,77.04015332464061,False
TRF_00121,SENSOR_007,2024-12-05 09:00:00,2.46,28.69392166965448,77.03340422380545,False
TRF_00122,SENSOR_003,2023-11-24 13:00:00,5.82,28.768344376346743,77.25385530773296,False
TRF_00122,SENSOR_002,2023-11-24 13:00:00,5.8,28.780265390184475,77.02241673236591,False
TRF_00122,SENSOR_013,2023-11-24 13:00:00,5.59,28.718912442144696,77.27547061036918,False
TRF_00123,SENSOR_017,2024-07-08 08:00:00,2.03,28.641556370250672,77.03396861535528,False
TRF_00123,SENSOR_020,2024-07-08 08:00:00,2.8,28.744753697566345,77.02228991980228,False
TRF_00123,SENSOR_006,2024-07-08 08:00:00,3.24,28.5540428354108,77.16380885685098,False
TRF_00123,SENSOR_014,2024-07-08 08:00:00,2.19,28.4258734783022,77.12799580169097,False
TRF_00124,SENSOR_007,2022-06-04 16:00:00,5.67,28.686546575924133,77.33492685053649,False
TRF_00124,SENSOR_009,2022-06-04 16:00:00,5.81,28.796216679654872,77.14089732802212,False
TRF_00124,SENSOR_017,2022-06-04 16:00:00,5.79,28.76881754294389,77.03236358912251,False
TRF_00124,SENSOR_020,2022-06-04 16:00:00,7.31,28.75456829597489,77.27914496460981,False
TRF_00124,SENSOR_003,2022-06-04 16:00:00,6.41,28.51054700681608,77.14671554802587,False
TRF_00124,SENSOR_015,2022-06-04 16:00:00,5.47,28.792960264120705,77.38405807032004,False
TRF_00124,SENSOR_014,2022-06-04 16:00:00,5.52,28.501831249051286,77.15716494723692,False
TRF_00124,SENSOR_002,2022-06-04 16:00:00,5.27,28.731122609307995,77.02707684244689,False
TRF_00124,SENSOR_004,2022-06-04 16:00:00,5.71,28.63922992883119,77.19293628789264,False
TRF_00126,SENSOR_013,2022-02-10 12:00:00,4.29,28.442617513081853,77.17894745663286,False
TRF_00126,SENSOR_013,2022-02-10 12:00:00,5.72,28.643300678552357,77.3558816187955,False
TRF_00126,SENSOR_015,2022-02-10 12:00:00,5.15,28.635708793258107,77.35283689903157,False
TRF_00126,SENSOR_006,2022-02-10 12:00:00,5.65,28.7858515305996,77.17692286164339,False
TRF_00126,SENSOR_007,2022-02-10 12:00:00,4.71,28.79476518033146,77.37576805856051,False
TRF_00126,SENSOR_019,2022-02-10 12:00:00,5.22,28.400488575270323,77.13965412592282,False
TRF_00127,SENSOR_001,2022-06-17 09:00:00,3.0,28.49691005419567,77.06399701147797,False
TRF_00127,SENSOR_007,2022-06-17 09:00:00,2.69,28.6049572060183,77.08000477182124,False
TRF_00127,SENSOR_010,2022-06-17 09:00:00,2.32,28.60097168901414,77.05268966145975,False
TRF_00127,SENSOR_001,2022-06-17 09:00:00,2.75,28.40074997051322,77.2380663466756,False
TRF_00127,SENSOR_002,2022-06-17 09:00:00,3.03,28.477966053333283,77.25190157718481,False
TRF_00127,SENSOR_001,2022-06-17 09:00:00,2.23,28.78116820737217,77.19603130197002,False
TRF_00128,SENSOR_001,2022-09-12 12:00:00,4.85,28.675704527464454,77.32777740657869,False
TRF_00128,SENSOR_002,2022-09-12 12:00:00,4.25,28.739253875365428,77.15709892435618,False
TRF_00128,SENSOR_016,2022-09-12 12:00:00,3.89,28.550924007763136,77.04483535712504,False
TRF_00128,SENSOR_008,2022-09-12 12:00:00,4.44,28.577989630174088,77.11873451090446,False
TRF_00129,SENSOR_019,2022-08-12 15:00:00,3.31,28.51351019337672,77.39035097039107,False
TRF_00129,SENSOR_012,2022-08-12 15:00:00,3.85,28.413102054962632,77.07409155739802,False
TRF_00129,SENSOR_010,2022-08-12 15:00:00,4.43,28.684756504929922,77.28670107231227,False
TRF_00129,SENSOR_016,2022-08-12 15:00:00,3.1,28.45619949413602,77.13858623597834,False
TRF_00129,SENSOR_004,2022-08-12 15:00:00,3.85,28.652575423545,77.37326732136422,False
TRF_00131,SENSOR_005,2024-04-23 09:00:00,5.3,28.76499806126341,77.36912252416718,False
TRF_00131,SENSOR_002,2024-04-23 09:00:00,3.65,28.775111282825375,77.39081717095684,False
TRF_00131,SENSOR_013,2024-04-23 09:00:00,0.13,28.451874494981887,77.27505966794192,True
TRF_00132,SENSOR_009,2023-07-05 12:00:00,5.54,28.77217117873661,77.2726513080345,False
TRF_00132,SENSOR_001,2023-07-05 12:00:00,5.22,28.70678615810916,77.05942053610347,False
TRF_00132,SENSOR_001,2023-07-05 12:00:00,6.2,28.526557618284883,77.1320918724986,False
TRF_00132,SENSOR_011,2023-07-05 12:00:00,5.99,28.725674878433413,77.3584568971865,False
TRF_00132,SENSOR_013,2023-07-05 12:00:00,5.7,28.698761587740098,77.2324318431087,False
TRF_00132,SENSOR_005,2023-07-05 12:00:00,5.91,28.680267902122097,77.38267034018708,False
TRF_00132,SENSOR_017,2023-07-05 12:00:00,4.82,28.68936719625844,77.26244452865207,False
TRF_00132,SENSOR_006,2023-07-05 12:00:00,5.73,28.585787784078466,77.13748601630569,False
TRF_00132,SENSOR_010,2023-07-05 12:00:00,12.41,28.775352955398038,77.22896331232366,True
TRF_00132,SENSOR_003,2023-07-05 12:00:00,4.72,28.63114121312185,77.20565837875478,False
TRF_00133,SENSOR_012,2024-11-09 07:00:00,5.01,28.69797943100312,77.0242200199829,False
TRF_00133,SENSOR_004,2024-11-09 07:00:00,5.24,28.697351966361467,77.26871693873703,False
TRF_00133,SENSOR_007,2024-11-09 07:00:00,4.2,28.522467316008015,77.05326246201497,False
TRF_00137,SENSOR_018,2024-06-14 09:00:00,2.46,28.569831592888427,77.20423686532979,False
TRF_00137,SENSOR_016,2024-06-14 09:00:00,3.81,28.6429372852621,77.08709176054283,False
TRF_00137,SENSOR_018,2024-06-14 09:00:00,2.76,28.792448418151157,77.27381269640796,False
TRF_00137,SENSOR_009,2024-06-14 09:00:00,3.14,28.486111034079148,77.17092706572869,False
TRF_00137,SENSOR_010,2024-06-14 09:00:00,2.38,28.76808794750185,77.02553731317157,False
TRF_00138,SENSOR_002,2022-01-24 13:00:00,2.63,28.570367431857736,77.16799245015056,False
TRF_00138,SENSOR_020,2022-01-24 13:00:00,2.58,28.477733432564733,77.1216106364516,False
TRF_00138,SENSOR_009,2022-01-24 13:00:00,2.39,28.747214685273956,77.31364934445185,False
TRF_00138,SENSOR_017,2022-01-24 13:00:00,1.86,28.646542337358383,77.14953456878209,False
TRF_00138,SENSOR_018,2022-01-24 13:00:00,2.19,28.56354252914903,77.26939777724414,False
TRF_00138,SENSOR_003,2022-01-24 13:00:00,3.18,28.60756124438254,77.18425743271602,False
TRF_00138,SENSOR_019,2022-01-24 13:00:00,2.74,28.662813904667367,77.27690051868845,False
TRF_00138,SENSOR_009,2022-01-24 13:00:00,1.98,28.733891488412862,77.39248035904394,False
TRF_00138,SENSOR_012,2022-01-24 13:00:00,2.38,28.592226056941534,77.16386085898074,False
TRF_00142,SENSOR_016,2023-01-24 06:00:00,4.44,28.416368799816436,77.39456667535781,False
TRF_00142,SENSOR_011,2023-01-24 06:00:00,3.43,28.467497469422735,77.1948016115447,False
TRF_00142,SENSOR_006,2023-01-24 06:00:00,4.1,28.587237241281027,77.07550760611174,False
TRF_00142,SENSOR_004,2023-01-24 06:00:00,3.67,28.667487928147075,77.00652647959183,False
TRF_00145,SENSOR_005,2023-03-06 06:00:00,4.78,28.654354997012135,77.29104056760619,False
TRF_00145,SENSOR_014,2023-03-06 06:00:00,5.77,28.6312807198113,77.1191995334441,False
TRF_00145,SENSOR_007,2023-03-06 06:00:00,5.51,28.421757591955874,77.0998898088421,False
TRF_00145,SENSOR_010,2023-03-06 06:00:00,6.12,28.417059837586883,77.0240769751527,False
TRF_00145,SENSOR_001,2023-03-06 06:00:00,5.79,28.64294819298737,77.20946927901505,False
TRF_00145,SENSOR_009,2023-03-06 06:00:00,6.15,28.653057402673138,77.30555488260848,False
TRF_00145,SENSOR_019,2023-03-06 06:00:00,4.92,28.412995055961026,77.13972805880718,False
TRF_00145,SENSOR_012,2023-03-06 06:00:00,6.07,28.588159398522855,77.38485598259571,False
TRF_00145,SENSOR_014,2023-03-06 06:00:00,5.39,28.77519159058522,77.06470586160829,False
TRF_00145,SENSOR_004,2023-03-06 06:00:00,5.09,28.532952272110556,77.0435938301926,False
TRF_00145,SENSOR_009,2023-03-06 06:00:00,5.18,28.7888732899812,77.00007038328593,False
TRF_00145,SENSOR_007,2023-03-06 06:00:00,6.08,28.488098963874208,77.2642072406514,False
TRF_00146,SENSOR_005,2022-03-23 07:00:00,4.08,28.578519063765693,77.20074822692229,False
TRF_00146,SENSOR_006,2022-03-23 07:00:00,13.62,28.62304780653459,77.0738186643013,True
TRF_00146,SENSOR_012,2022-03-23 07:00:00,4.43,28.513260049455017,77.03802495844238,False
TRF_00146,SENSOR_008,2022-03-23 07:00:00,5.45,28.643936412044614,77.26429023762125,False
TRF_00147,SENSOR_020,2023-03-13 17:00:00,1.42,28.58892575460602,77.26874666950876,False
TRF_00147,SENSOR_010,2023-03-13 17:00:00,2.38,28.744595114446366,77.38720354276582,False
TRF_00147,SENSOR_012,2023-03-13 17:00:00,1.91,28.527207675105505,77.13327677389121,False
TRF_00147,SENSOR_016,2023-03-13 17:00:00,2.13,28.46515784574918,77.01901224921497,False
TRF_00147,SENSOR_014,2023-03-13 17:00:00,2.19,28.519692774059003,77.10705874361022,False
TRF_00147,SENSOR_020,2023-03-13 17:00:00,2.88,28.75772162031538,77.26124352122284,False
TRF_00147,SENSOR_014,2023-03-13 17:00:00,2.97,28.482925123334486,77.37748348881314,False
TRF_00147,SENSOR_005,2023-03-13 17:00:00,1.45,28.485977674753016,77.2470880373497,False
TRF_00147,SENSOR_010,2023-03-13 17:00:00,2.74,28.67501332489182,77.1132673046368,False
TRF_00147,SENSOR_012,2023-03-13 17:00:00,1.75,28.445472776584396,77.29613317921226,False
TRF_00149,SENSOR_013,2023-06-17 11:00:00,2.85,28.6186126887335,77.39592767702587,False
TRF_00149,SENSOR_020,2023-06-17 11:00:00,3.24,28.74399598223298,77.30800795735317,False
TRF_00149,SENSOR_001,2023-06-17 11:00:00,2.98,28.730759862911956,77.27783286347496,False
TRF_00149,SENSOR_015,2023-06-17 11:00:00,3.32,28.44653747741159,77.06524135682696,False
TRF_00150,SENSOR_004,2023-06-16 09:00:00,6.57,28.7748515467443,77.10774751805302,False
TRF_00150,SENSOR_019,2023-06-16 09:00:00,5.95,28.500930084798146,77.07865076012477,False
TRF_00150,SENSOR_019,2023-06-16 09:00:00,13.7,28.70824324716622,77.01214725195153,True
TRF_00150,SENSOR_006,2023-06-16 09:00:00,6.2,28.708438120143274,77.12950175869366,False
TRF_00150,SENSOR_010,2023-06-16 09:00:00,6.11,28.6172905716862,77.1590660095114,False
TRF_00150,SENSOR_002,2023-06-16 09:00:00,5.65,28.437637300512925,77.30988969827195,False
TRF_00150,SENSOR_018,2023-06-16 09:00:00,5.69,28.70694707911631,77.07231701535997,False
TRF_00150,SENSOR_019,2023-06-16 09:00:00,6.38,28.627276578788376,77.27496047609824,False
TRF_00150,SENSOR_008,2023-06-16 09:00:00,6.65,28.773532554867646,77.1468622664177,False
