model_name,model_version,organization_id,blood_group,component_type,forecast_horizon,mae,rmse,wape,bias,trained_at
seasonal_naive,v1,BB_A,AB_NEGATIVE,PLASMA,24h,1.1341,1.502,1.2828,-0.0122,2026-09-05T14:50:49.121772
xgboost,v1,BB_A,AB_NEGATIVE,PLASMA,24h,0.6997,0.8338,0.7914,0.0848,2026-09-05T14:50:49.121772
seasonal_naive,v1,BB_A,AB_NEGATIVE,PLATELETS,24h,1.1159,1.4335,1.2797,-0.0061,2026-09-05T14:50:49.155830
xgboost,v1,BB_A,AB_NEGATIVE,PLATELETS,24h,0.6992,0.7981,0.8019,0.0487,2026-09-05T14:50:49.155830
seasonal_naive,v1,BB_A,AB_NEGATIVE,RBC,24h,1.1402,1.4713,0.9034,0.0061,2026-09-05T14:50:49.183221
xgboost,v1,BB_A,AB_NEGATIVE,RBC,24h,0.7899,0.9695,0.6258,0.0057,2026-09-05T14:50:49.183221
seasonal_naive,v1,BB_A,AB_NEGATIVE,WHOLE_BLOOD,24h,1.0549,1.399,1.0485,-0.0305,2026-09-05T14:50:49.214338
xgboost,v1,BB_A,AB_NEGATIVE,WHOLE_BLOOD,24h,0.6709,0.8393,0.6669,-0.0539,2026-09-05T14:50:49.214338
seasonal_naive,v1,BB_A,AB_POSITIVE,PLASMA,24h,1.128,1.4377,0.881,0.0061,2026-09-05T14:50:49.360811
xgboost,v1,BB_A,AB_POSITIVE,PLASMA,24h,0.7438,0.8998,0.5809,-0.0049,2026-09-05T14:50:49.360811
seasonal_naive,v1,BB_A,AB_POSITIVE,PLATELETS,24h,1.3598,1.7373,1.1615,-0.0671,2026-09-05T14:50:49.402386
xgboost,v1,BB_A,AB_POSITIVE,PLATELETS,24h,0.7859,0.9852,0.6713,0.0228,2026-09-05T14:50:49.402386
seasonal_naive,v1,BB_A,AB_POSITIVE,RBC,24h,1.3598,1.7583,0.829,0.0305,2026-09-05T14:50:49.431235
xgboost,v1,BB_A,AB_POSITIVE,RBC,24h,0.8058,1.0085,0.4913,0.0542,2026-09-05T14:50:49.431235
seasonal_naive,v1,BB_A,AB_POSITIVE,WHOLE_BLOOD,24h,0.9695,1.2855,1.1042,0.0427,2026-09-05T14:50:49.465604
xgboost,v1,BB_A,AB_POSITIVE,WHOLE_BLOOD,24h,0.695,0.8335,0.7916,0.0814,2026-09-05T14:50:49.465604
seasonal_naive,v1,BB_A,A_NEGATIVE,PLASMA,24h,1.5793,1.949,0.9774,0.0061,2026-09-05T14:50:49.491365
xgboost,v1,BB_A,A_NEGATIVE,PLASMA,24h,0.8041,0.9775,0.4977,-0.0539,2026-09-05T14:50:49.491365
seasonal_naive,v1,BB_A,A_NEGATIVE,PLATELETS,24h,1.3171,1.725,0.8926,0.0488,2026-09-05T14:50:49.578910
xgboost,v1,BB_A,A_NEGATIVE,PLATELETS,24h,0.7435,0.952,0.5038,-0.0256,2026-09-05T14:50:49.578910
seasonal_naive,v1,BB_A,A_NEGATIVE,RBC,24h,1.6341,2.0482,0.5572,0.0244,2026-09-05T14:50:49.639078
xgboost,v1,BB_A,A_NEGATIVE,RBC,24h,0.8891,1.1423,0.3032,-0.1127,2026-09-05T14:50:49.639078
seasonal_naive,v1,BB_A,A_NEGATIVE,WHOLE_BLOOD,24h,1.2195,1.6454,0.8929,-0.061,2026-09-05T14:50:49.670961
xgboost,v1,BB_A,A_NEGATIVE,WHOLE_BLOOD,24h,0.8127,0.9878,0.595,-0.0797,2026-09-05T14:50:49.670961
seasonal_naive,v1,BB_A,A_POSITIVE,PLASMA,24h,1.3841,1.7824,0.1935,0.1037,2026-09-05T14:50:49.698018
xgboost,v1,BB_A,A_POSITIVE,PLASMA,24h,0.8767,1.1268,0.1226,-0.0842,2026-09-05T14:50:49.698018
seasonal_naive,v1,BB_A,A_POSITIVE,PLATELETS,24h,1.4146,1.7565,0.285,0.0,2026-09-05T14:50:49.818672
xgboost,v1,BB_A,A_POSITIVE,PLATELETS,24h,0.8053,1.0351,0.1623,-0.0176,2026-09-05T14:50:49.818672
seasonal_naive,v1,BB_A,A_POSITIVE,RBC,24h,1.4512,2.063,0.1194,0.0122,2026-09-05T14:50:49.874478
xgboost,v1,BB_A,A_POSITIVE,RBC,24h,0.9115,1.1888,0.075,-0.0456,2026-09-05T14:50:49.874478
seasonal_naive,v1,BB_A,A_POSITIVE,WHOLE_BLOOD,24h,1.4329,1.8854,0.4273,0.0061,2026-09-05T14:50:49.905199
xgboost,v1,BB_A,A_POSITIVE,WHOLE_BLOOD,24h,0.9005,1.1168,0.2685,-0.075,2026-09-05T14:50:49.905199
seasonal_naive,v1,BB_A,B_NEGATIVE,PLASMA,24h,1.1463,1.4692,1.2208,0.0366,2026-09-05T14:50:50.035012
xgboost,v1,BB_A,B_NEGATIVE,PLASMA,24h,0.7346,0.8786,0.7823,0.1029,2026-09-05T14:50:50.035012
seasonal_naive,v1,BB_A,B_NEGATIVE,PLATELETS,24h,1.0488,1.3749,1.0,0.0,2026-09-05T14:50:50.065353
xgboost,v1,BB_A,B_NEGATIVE,PLATELETS,24h,0.7381,0.9346,0.7037,0.0301,2026-09-05T14:50:50.065353
seasonal_naive,v1,BB_A,B_NEGATIVE,RBC,24h,1.5854,1.9816,1.1304,0.0366,2026-09-05T14:50:50.092241
xgboost,v1,BB_A,B_NEGATIVE,RBC,24h,0.7735,0.9475,0.5515,0.065,2026-09-05T14:50:50.092241
seasonal_naive,v1,BB_A,B_NEGATIVE,WHOLE_BLOOD,24h,0.9329,1.242,1.1679,-0.0305,2026-09-05T14:50:50.119100
xgboost,v1,BB_A,B_NEGATIVE,WHOLE_BLOOD,24h,0.6205,0.7466,0.7768,0.0734,2026-09-05T14:50:50.119100
seasonal_naive,v1,BB_A,B_POSITIVE,PLASMA,24h,1.4329,1.7617,0.4116,-0.0183,2026-09-05T14:50:50.238590
xgboost,v1,BB_A,B_POSITIVE,PLASMA,24h,0.8127,1.0487,0.2334,-0.0756,2026-09-05T14:50:50.238590
seasonal_naive,v1,BB_A,B_POSITIVE,PLATELETS,24h,1.4024,1.7738,0.6745,0.0488,2026-09-05T14:50:50.267711
xgboost,v1,BB_A,B_POSITIVE,PLATELETS,24h,0.8358,1.0721,0.4019,0.0558,2026-09-05T14:50:50.267711
seasonal_naive,v1,BB_A,B_POSITIVE,RBC,24h,1.8415,2.3839,0.3126,-0.0244,2026-09-05T14:50:50.297067
xgboost,v1,BB_A,B_POSITIVE,RBC,24h,1.0129,1.2442,0.172,-0.0845,2026-09-05T14:50:50.297067
seasonal_naive,v1,BB_A,B_POSITIVE,WHOLE_BLOOD,24h,1.2866,1.6472,0.743,0.0549,2026-09-05T14:50:50.414297
xgboost,v1,BB_A,B_POSITIVE,WHOLE_BLOOD,24h,0.8305,1.0152,0.4796,-0.0194,2026-09-05T14:50:50.414297
seasonal_naive,v1,BB_A,O_NEGATIVE,PLASMA,24h,1.6524,2.0586,0.809,0.0549,2026-09-05T14:50:50.451309
xgboost,v1,BB_A,O_NEGATIVE,PLASMA,24h,0.8506,1.0685,0.4164,-0.05,2026-09-05T14:50:50.451309
seasonal_naive,v1,BB_A,O_NEGATIVE,PLATELETS,24h,1.1707,1.5342,0.8136,0.0244,2026-09-05T14:50:50.481641
xgboost,v1,BB_A,O_NEGATIVE,PLATELETS,24h,0.7497,0.9412,0.521,0.0381,2026-09-05T14:50:50.481641
seasonal_naive,v1,BB_A,O_NEGATIVE,RBC,24h,1.4329,1.8919,0.4476,0.0915,2026-09-05T14:50:50.504174
xgboost,v1,BB_A,O_NEGATIVE,RBC,24h,0.8743,1.0653,0.2731,-0.0717,2026-09-05T14:50:50.504174
seasonal_naive,v1,BB_A,O_NEGATIVE,WHOLE_BLOOD,24h,1.2988,1.7548,1.139,-0.0183,2026-09-05T14:50:50.530333
xgboost,v1,BB_A,O_NEGATIVE,WHOLE_BLOOD,24h,0.7712,0.9165,0.6763,0.0799,2026-09-05T14:50:50.530333
seasonal_naive,v1,BB_A,O_POSITIVE,PLASMA,24h,1.4756,1.9031,0.1582,0.0,2026-09-05T14:50:50.647991
xgboost,v1,BB_A,O_POSITIVE,PLASMA,24h,0.9215,1.1509,0.0988,-0.1831,2026-09-05T14:50:50.647991
seasonal_naive,v1,BB_A,O_POSITIVE,PLATELETS,24h,1.4634,1.8967,0.2258,0.0244,2026-09-05T14:50:50.679050
xgboost,v1,BB_A,O_POSITIVE,PLATELETS,24h,0.7735,0.9656,0.1193,-0.0233,2026-09-05T14:50:50.679050
seasonal_naive,v1,BB_A,O_POSITIVE,RBC,24h,1.9207,2.4157,0.1191,0.128,2026-09-05T14:50:50.722446
xgboost,v1,BB_A,O_POSITIVE,RBC,24h,1.1659,1.4962,0.0723,0.0149,2026-09-05T14:50:50.722446
seasonal_naive,v1,BB_A,O_POSITIVE,WHOLE_BLOOD,24h,1.5305,1.9143,0.3617,-0.0549,2026-09-05T14:50:50.836519
xgboost,v1,BB_A,O_POSITIVE,WHOLE_BLOOD,24h,0.8429,1.0731,0.1992,-0.1118,2026-09-05T14:50:50.836519
seasonal_naive,v1,BB_B,AB_NEGATIVE,PLASMA,24h,1.1585,1.546,1.1243,-0.0488,2026-09-05T14:50:50.981264
xgboost,v1,BB_B,AB_NEGATIVE,PLASMA,24h,0.7263,0.8951,0.7048,-0.0366,2026-09-05T14:50:50.981264
seasonal_naive,v1,BB_B,AB_NEGATIVE,PLATELETS,24h,1.0427,1.3548,1.1176,-0.0305,2026-09-05T14:50:51.003546
xgboost,v1,BB_B,AB_NEGATIVE,PLATELETS,24h,0.6924,0.8266,0.7421,-0.0445,2026-09-05T14:50:51.003546
seasonal_naive,v1,BB_B,AB_NEGATIVE,RBC,24h,0.9756,1.2736,0.9816,0.0,2026-09-05T14:50:51.103327
xgboost,v1,BB_B,AB_NEGATIVE,RBC,24h,0.6962,0.8555,0.7005,0.0621,2026-09-05T14:50:51.103327
seasonal_naive,v1,BB_B,AB_NEGATIVE,WHOLE_BLOOD,24h,0.9512,1.3343,1.0263,0.061,2026-09-05T14:50:51.134362
xgboost,v1,BB_B,AB_NEGATIVE,WHOLE_BLOOD,24h,0.6843,0.8368,0.7383,-0.0345,2026-09-05T14:50:51.134362
seasonal_naive,v1,BB_B,AB_POSITIVE,PLASMA,24h,1.0488,1.357,0.839,0.0122,2026-09-05T14:50:51.159232
xgboost,v1,BB_B,AB_POSITIVE,PLASMA,24h,0.6839,0.822,0.5471,-0.0729,2026-09-05T14:50:51.159232
seasonal_naive,v1,BB_B,AB_POSITIVE,PLATELETS,24h,1.1951,1.6675,1.1329,-0.0732,2026-09-05T14:50:51.182133
xgboost,v1,BB_B,AB_POSITIVE,PLATELETS,24h,0.7661,0.9336,0.7263,0.0035,2026-09-05T14:50:51.182133
seasonal_naive,v1,BB_B,AB_POSITIVE,RBC,24h,1.2561,1.5695,0.8207,0.0,2026-09-05T14:50:51.204333
xgboost,v1,BB_B,AB_POSITIVE,RBC,24h,0.7496,0.9313,0.4898,-0.0136,2026-09-05T14:50:51.204333
seasonal_naive,v1,BB_B,AB_POSITIVE,WHOLE_BLOOD,24h,1.1524,1.5041,1.3125,0.0549,2026-09-05T14:50:51.251391
xgboost,v1,BB_B,AB_POSITIVE,WHOLE_BLOOD,24h,0.6922,0.8335,0.7883,0.0476,2026-09-05T14:50:51.251391
seasonal_naive,v1,BB_B,A_NEGATIVE,PLASMA,24h,0.9024,1.2591,0.8315,-0.0244,2026-09-05T14:50:51.378379
xgboost,v1,BB_B,A_NEGATIVE,PLASMA,24h,0.6953,0.871,0.6407,0.062,2026-09-05T14:50:51.378379
seasonal_naive,v1,BB_B,A_NEGATIVE,PLATELETS,24h,1.0854,1.502,1.1634,-0.061,2026-09-05T14:50:51.451390
xgboost,v1,BB_B,A_NEGATIVE,PLATELETS,24h,0.7323,0.8796,0.785,0.0919,2026-09-05T14:50:51.451390
seasonal_naive,v1,BB_B,A_NEGATIVE,RBC,24h,1.4146,1.7461,0.7389,0.0,2026-09-05T14:50:51.577748
xgboost,v1,BB_B,A_NEGATIVE,RBC,24h,0.7843,0.9592,0.4096,-0.0297,2026-09-05T14:50:51.577748
seasonal_naive,v1,BB_B,A_NEGATIVE,WHOLE_BLOOD,24h,0.9207,1.2807,1.3246,0.0915,2026-09-05T14:50:51.747549
xgboost,v1,BB_B,A_NEGATIVE,WHOLE_BLOOD,24h,0.6719,0.7759,0.9666,0.1814,2026-09-05T14:50:51.747549
seasonal_naive,v1,BB_B,A_POSITIVE,PLASMA,24h,1.4146,1.7108,0.3122,-0.0732,2026-09-05T14:50:51.866732
xgboost,v1,BB_B,A_POSITIVE,PLASMA,24h,0.788,1.0141,0.1739,-0.084,2026-09-05T14:50:51.866732
seasonal_naive,v1,BB_B,A_POSITIVE,PLATELETS,24h,1.811,2.3125,0.5086,-0.0793,2026-09-05T14:50:51.896822
xgboost,v1,BB_B,A_POSITIVE,PLATELETS,24h,0.9023,1.1485,0.2534,-0.0191,2026-09-05T14:50:51.896822
seasonal_naive,v1,BB_B,A_POSITIVE,RBC,24h,1.5122,1.8903,0.1742,-0.1098,2026-09-05T14:50:51.926213
xgboost,v1,BB_B,A_POSITIVE,RBC,24h,0.8081,1.0262,0.0931,-0.0839,2026-09-05T14:50:51.926213
seasonal_naive,v1,BB_B,A_POSITIVE,WHOLE_BLOOD,24h,1.3232,1.6839,0.6045,0.0793,2026-09-05T14:50:51.954888
xgboost,v1,BB_B,A_POSITIVE,WHOLE_BLOOD,24h,0.8421,1.0384,0.3847,0.0178,2026-09-05T14:50:51.954888
seasonal_naive,v1,BB_B,B_NEGATIVE,PLASMA,24h,1.0793,1.4034,1.1879,-0.0061,2026-09-05T14:50:51.981789
xgboost,v1,BB_B,B_NEGATIVE,PLASMA,24h,0.7001,0.8629,0.7706,0.0549,2026-09-05T14:50:51.981789
seasonal_naive,v1,BB_B,B_NEGATIVE,PLATELETS,24h,1.0732,1.4185,1.0732,-0.0244,2026-09-05T14:50:52.097538
xgboost,v1,BB_B,B_NEGATIVE,PLATELETS,24h,0.7236,0.8611,0.7236,-0.0375,2026-09-05T14:50:52.097538
seasonal_naive,v1,BB_B,B_NEGATIVE,RBC,24h,1.4939,1.8822,0.9496,0.0671,2026-09-05T14:50:52.125975
xgboost,v1,BB_B,B_NEGATIVE,RBC,24h,0.7574,0.9322,0.4814,-0.0409,2026-09-05T14:50:52.125975
seasonal_naive,v1,BB_B,B_NEGATIVE,WHOLE_BLOOD,24h,0.872,1.2615,1.1532,-0.0061,2026-09-05T14:50:52.146823
xgboost,v1,BB_B,B_NEGATIVE,WHOLE_BLOOD,24h,0.6883,0.8407,0.9103,0.0455,2026-09-05T14:50:52.146823
seasonal_naive,v1,BB_B,B_POSITIVE,PLASMA,24h,1.3659,1.7285,0.5531,0.0244,2026-09-05T14:50:52.170274
xgboost,v1,BB_B,B_POSITIVE,PLASMA,24h,0.8449,1.0659,0.3421,-0.0549,2026-09-05T14:50:52.170274
seasonal_naive,v1,BB_B,B_POSITIVE,PLATELETS,24h,1.2195,1.5695,0.7843,0.0,2026-09-05T14:50:52.193175
xgboost,v1,BB_B,B_POSITIVE,PLATELETS,24h,0.8158,1.0002,0.5247,0.0152,2026-09-05T14:50:52.193175
seasonal_naive,v1,BB_B,B_POSITIVE,RBC,24h,1.0976,1.4314,0.2875,0.0244,2026-09-05T14:50:52.214175
xgboost,v1,BB_B,B_POSITIVE,RBC,24h,0.722,0.9318,0.1891,-0.024,2026-09-05T14:50:52.214175
seasonal_naive,v1,BB_B,B_POSITIVE,WHOLE_BLOOD,24h,1.2317,1.6155,1.0466,0.0244,2026-09-05T14:50:52.235734
xgboost,v1,BB_B,B_POSITIVE,WHOLE_BLOOD,24h,0.7893,0.9534,0.6707,0.0981,2026-09-05T14:50:52.235734
seasonal_naive,v1,BB_B,O_NEGATIVE,PLASMA,24h,1.0793,1.425,0.831,0.0427,2026-09-05T14:50:52.353723
xgboost,v1,BB_B,O_NEGATIVE,PLASMA,24h,0.7539,0.8974,0.5805,0.0217,2026-09-05T14:50:52.353723
seasonal_naive,v1,BB_B,O_NEGATIVE,PLATELETS,24h,1.2439,1.623,0.7876,-0.0244,2026-09-05T14:50:52.382206
xgboost,v1,BB_B,O_NEGATIVE,PLATELETS,24h,0.7183,0.9041,0.4548,-0.1193,2026-09-05T14:50:52.382206
seasonal_naive,v1,BB_B,O_NEGATIVE,RBC,24h,1.4634,1.8179,0.7101,0.0366,2026-09-05T14:50:52.412153
xgboost,v1,BB_B,O_NEGATIVE,RBC,24h,0.8694,1.0698,0.4218,-0.0314,2026-09-05T14:50:52.412153
seasonal_naive,v1,BB_B,O_NEGATIVE,WHOLE_BLOOD,24h,1.2134,1.7513,1.2922,0.0671,2026-09-05T14:50:52.522721
xgboost,v1,BB_B,O_NEGATIVE,WHOLE_BLOOD,24h,0.7169,0.8973,0.7635,0.1303,2026-09-05T14:50:52.522721
seasonal_naive,v1,BB_B,O_POSITIVE,PLASMA,24h,1.3841,1.7513,0.225,0.0427,2026-09-05T14:50:52.553806
xgboost,v1,BB_B,O_POSITIVE,PLASMA,24h,0.7908,1.0195,0.1285,-0.0633,2026-09-05T14:50:52.553806
seasonal_naive,v1,BB_B,O_POSITIVE,PLATELETS,24h,1.7256,2.171,0.406,0.0793,2026-09-05T14:50:52.577527
xgboost,v1,BB_B,O_POSITIVE,PLATELETS,24h,0.8695,1.1125,0.2046,0.0508,2026-09-05T14:50:52.577527
seasonal_naive,v1,BB_B,O_POSITIVE,RBC,24h,1.4268,1.8935,0.1303,0.1585,2026-09-05T14:50:52.598937
xgboost,v1,BB_B,O_POSITIVE,RBC,24h,0.8978,1.1082,0.082,0.0271,2026-09-05T14:50:52.598937
seasonal_naive,v1,BB_B,O_POSITIVE,WHOLE_BLOOD,24h,1.5183,1.927,0.5209,0.0305,2026-09-05T14:50:52.619267
xgboost,v1,BB_B,O_POSITIVE,WHOLE_BLOOD,24h,0.86,1.0747,0.2951,-0.031,2026-09-05T14:50:52.619267
seasonal_naive,v1,HOSP_A,AB_NEGATIVE,PLASMA,24h,1.189,1.5,1.2581,0.0061,2026-09-05T14:50:52.638760
xgboost,v1,HOSP_A,AB_NEGATIVE,PLASMA,24h,0.6411,0.7932,0.6783,0.025,2026-09-05T14:50:52.638760
seasonal_naive,v1,HOSP_A,AB_NEGATIVE,PLATELETS,24h,0.8841,1.2072,1.014,-0.0427,2026-09-05T14:50:52.661100
xgboost,v1,HOSP_A,AB_NEGATIVE,PLATELETS,24h,0.6958,0.8165,0.798,0.0005,2026-09-05T14:50:52.661100
seasonal_naive,v1,HOSP_A,AB_NEGATIVE,RBC,24h,1.3354,1.662,1.0,0.0183,2026-09-05T14:50:52.705070
xgboost,v1,HOSP_A,AB_NEGATIVE,RBC,24h,0.7593,0.9144,0.5686,-0.0601,2026-09-05T14:50:52.705070
seasonal_naive,v1,HOSP_A,AB_NEGATIVE,WHOLE_BLOOD,24h,1.0793,1.425,0.9833,0.0061,2026-09-05T14:50:52.746239
xgboost,v1,HOSP_A,AB_NEGATIVE,WHOLE_BLOOD,24h,0.7461,0.9146,0.6797,-0.0895,2026-09-05T14:50:52.746239
seasonal_naive,v1,HOSP_A,AB_POSITIVE,PLASMA,24h,1.189,1.5,0.8864,-0.0549,2026-09-05T14:50:52.771324
xgboost,v1,HOSP_A,AB_POSITIVE,PLASMA,24h,0.7449,0.9066,0.5553,-0.0584,2026-09-05T14:50:52.771324
seasonal_naive,v1,HOSP_A,AB_POSITIVE,PLATELETS,24h,1.2012,1.5559,1.239,0.1037,2026-09-05T14:50:52.793303
xgboost,v1,HOSP_A,AB_POSITIVE,PLATELETS,24h,0.7699,0.9185,0.7942,0.0895,2026-09-05T14:50:52.793303
seasonal_naive,v1,HOSP_A,AB_POSITIVE,RBC,24h,1.3902,1.7321,0.8085,0.0122,2026-09-05T14:50:52.833411
xgboost,v1,HOSP_A,AB_POSITIVE,RBC,24h,0.7535,0.9281,0.4382,-0.024,2026-09-05T14:50:52.833411
seasonal_naive,v1,HOSP_A,AB_POSITIVE,WHOLE_BLOOD,24h,0.9024,1.3252,0.9487,-0.0122,2026-09-05T14:50:52.863971
xgboost,v1,HOSP_A,AB_POSITIVE,WHOLE_BLOOD,24h,0.7096,0.8592,0.746,0.0832,2026-09-05T14:50:52.863971
seasonal_naive,v1,HOSP_A,A_NEGATIVE,PLASMA,24h,1.4817,1.927,0.8073,-0.0061,2026-09-05T14:50:52.887177
xgboost,v1,HOSP_A,A_NEGATIVE,PLASMA,24h,0.8407,1.0396,0.4581,-0.1051,2026-09-05T14:50:52.887177
seasonal_naive,v1,HOSP_A,A_NEGATIVE,PLATELETS,24h,1.311,1.6583,1.0142,-0.0427,2026-09-05T14:50:53.087787
xgboost,v1,HOSP_A,A_NEGATIVE,PLATELETS,24h,0.7909,0.9947,0.6118,-0.0126,2026-09-05T14:50:53.087787
seasonal_naive,v1,HOSP_A,A_NEGATIVE,RBC,24h,1.3659,1.7841,0.5321,0.0366,2026-09-05T14:50:53.116489
xgboost,v1,HOSP_A,A_NEGATIVE,RBC,24h,0.757,0.9517,0.2949,-0.1212,2026-09-05T14:50:53.116489
seasonal_naive,v1,HOSP_A,A_NEGATIVE,WHOLE_BLOOD,24h,1.1037,1.4077,1.0,-0.0183,2026-09-05T14:50:53.138487
xgboost,v1,HOSP_A,A_NEGATIVE,WHOLE_BLOOD,24h,0.7153,0.8792,0.6481,0.0522,2026-09-05T14:50:53.138487
seasonal_naive,v1,HOSP_A,A_POSITIVE,PLASMA,24h,1.5488,1.9569,0.254,0.0122,2026-09-05T14:50:53.162163
xgboost,v1,HOSP_A,A_POSITIVE,PLASMA,24h,0.8064,0.994,0.1322,-0.095,2026-09-05T14:50:53.162163
seasonal_naive,v1,HOSP_A,A_POSITIVE,PLATELETS,24h,1.5427,2.0734,0.3514,-0.0671,2026-09-05T14:50:53.287380
xgboost,v1,HOSP_A,A_POSITIVE,PLATELETS,24h,0.9021,1.1278,0.2055,-0.0507,2026-09-05T14:50:53.287380
seasonal_naive,v1,HOSP_A,A_POSITIVE,RBC,24h,1.6341,2.0982,0.1429,0.0732,2026-09-05T14:50:53.352579
xgboost,v1,HOSP_A,A_POSITIVE,RBC,24h,0.9065,1.0938,0.0792,-0.0176,2026-09-05T14:50:53.352579
seasonal_naive,v1,HOSP_A,A_POSITIVE,WHOLE_BLOOD,24h,1.5122,1.9223,0.3416,-0.0732,2026-09-05T14:50:53.378138
xgboost,v1,HOSP_A,A_POSITIVE,WHOLE_BLOOD,24h,0.859,1.0731,0.194,-0.1195,2026-09-05T14:50:53.378138
seasonal_naive,v1,HOSP_A,B_NEGATIVE,PLASMA,24h,1.2805,1.6079,1.1798,0.0,2026-09-05T14:50:53.407633
xgboost,v1,HOSP_A,B_NEGATIVE,PLASMA,24h,0.7916,0.9358,0.7293,0.0291,2026-09-05T14:50:53.407633
seasonal_naive,v1,HOSP_A,B_NEGATIVE,PLATELETS,24h,1.128,1.4671,1.2013,0.0305,2026-09-05T14:50:53.656259
xgboost,v1,HOSP_A,B_NEGATIVE,PLATELETS,24h,0.6318,0.7567,0.6728,0.0301,2026-09-05T14:50:53.656259
seasonal_naive,v1,HOSP_A,B_NEGATIVE,RBC,24h,1.4512,1.9031,0.9876,-0.0488,2026-09-05T14:50:53.689530
xgboost,v1,HOSP_A,B_NEGATIVE,RBC,24h,0.829,0.9805,0.5642,0.0015,2026-09-05T14:50:53.689530
seasonal_naive,v1,HOSP_A,B_NEGATIVE,WHOLE_BLOOD,24h,0.8841,1.1713,1.1789,0.0671,2026-09-05T14:50:53.737105
xgboost,v1,HOSP_A,B_NEGATIVE,WHOLE_BLOOD,24h,0.624,0.7543,0.832,0.1301,2026-09-05T14:50:53.737105
seasonal_naive,v1,HOSP_A,B_POSITIVE,PLASMA,24h,1.3659,1.7215,0.4384,-0.0122,2026-09-05T14:50:53.945402
xgboost,v1,HOSP_A,B_POSITIVE,PLASMA,24h,0.8906,1.1492,0.2858,-0.1086,2026-09-05T14:50:53.945402
seasonal_naive,v1,HOSP_A,B_POSITIVE,PLATELETS,24h,1.5671,1.9459,0.5908,-0.0671,2026-09-05T14:50:54.072955
xgboost,v1,HOSP_A,B_POSITIVE,PLATELETS,24h,0.8156,1.0308,0.3075,-0.1419,2026-09-05T14:50:54.072955
seasonal_naive,v1,HOSP_A,B_POSITIVE,RBC,24h,1.7012,2.0851,0.3671,0.0671,2026-09-05T14:50:54.216934
xgboost,v1,HOSP_A,B_POSITIVE,RBC,24h,0.8094,1.0326,0.1747,-0.0015,2026-09-05T14:50:54.216934
seasonal_naive,v1,HOSP_A,B_POSITIVE,WHOLE_BLOOD,24h,1.3598,1.7268,0.6483,-0.0183,2026-09-05T14:50:54.271948
xgboost,v1,HOSP_A,B_POSITIVE,WHOLE_BLOOD,24h,0.7489,0.9403,0.357,-0.0879,2026-09-05T14:50:54.271948
seasonal_naive,v1,HOSP_A,O_NEGATIVE,PLASMA,24h,1.4146,1.8146,0.9915,0.0854,2026-09-05T14:50:54.315239
xgboost,v1,HOSP_A,O_NEGATIVE,PLASMA,24h,0.8086,0.9927,0.5667,0.0796,2026-09-05T14:50:54.315239
seasonal_naive,v1,HOSP_A,O_NEGATIVE,PLATELETS,24h,1.189,1.5121,0.859,0.0183,2026-09-05T14:50:54.345150
xgboost,v1,HOSP_A,O_NEGATIVE,PLATELETS,24h,0.7852,0.9572,0.5673,0.0157,2026-09-05T14:50:54.345150
seasonal_naive,v1,HOSP_A,O_NEGATIVE,RBC,24h,1.4573,1.8196,0.4819,-0.0061,2026-09-05T14:50:54.372719
xgboost,v1,HOSP_A,O_NEGATIVE,RBC,24h,0.8319,1.012,0.2751,-0.0831,2026-09-05T14:50:54.372719
seasonal_naive,v1,HOSP_A,O_NEGATIVE,WHOLE_BLOOD,24h,1.3171,1.6454,1.0385,-0.0244,2026-09-05T14:50:54.399444
xgboost,v1,HOSP_A,O_NEGATIVE,WHOLE_BLOOD,24h,0.782,0.9246,0.6166,0.051,2026-09-05T14:50:54.399444
seasonal_naive,v1,HOSP_A,O_POSITIVE,PLASMA,24h,1.3171,1.6454,0.175,0.0732,2026-09-05T14:50:54.433907
xgboost,v1,HOSP_A,O_POSITIVE,PLASMA,24h,0.8381,1.0308,0.1114,0.022,2026-09-05T14:50:54.433907
seasonal_naive,v1,HOSP_A,O_POSITIVE,PLATELETS,24h,1.4573,1.833,0.2395,0.0305,2026-09-05T14:50:54.467106
xgboost,v1,HOSP_A,O_POSITIVE,PLATELETS,24h,0.8635,1.1039,0.1419,-0.0191,2026-09-05T14:50:54.467106
seasonal_naive,v1,HOSP_A,O_POSITIVE,RBC,24h,1.8293,2.4043,0.125,0.0732,2026-09-05T14:50:54.495479
xgboost,v1,HOSP_A,O_POSITIVE,RBC,24h,1.0767,1.3429,0.0736,-0.1205,2026-09-05T14:50:54.495479
seasonal_naive,v1,HOSP_A,O_POSITIVE,WHOLE_BLOOD,24h,1.3171,1.6638,0.2532,-0.0122,2026-09-05T14:50:54.518474
xgboost,v1,HOSP_A,O_POSITIVE,WHOLE_BLOOD,24h,0.7808,0.9879,0.1501,0.0147,2026-09-05T14:50:54.518474
seasonal_naive,v1,HOSP_B,AB_NEGATIVE,PLASMA,24h,1.0732,1.4816,1.1069,0.0366,2026-09-05T14:50:54.540369
xgboost,v1,HOSP_B,AB_NEGATIVE,PLASMA,24h,0.7008,0.8407,0.7228,-0.0184,2026-09-05T14:50:54.540369
seasonal_naive,v1,HOSP_B,AB_NEGATIVE,PLATELETS,24h,0.8537,1.1894,1.3462,0.0,2026-09-05T14:50:54.561647
xgboost,v1,HOSP_B,AB_NEGATIVE,PLATELETS,24h,0.6234,0.7379,0.983,0.0899,2026-09-05T14:50:54.561647
seasonal_naive,v1,HOSP_B,AB_NEGATIVE,RBC,24h,1.3354,1.6983,1.0788,-0.0305,2026-09-05T14:50:54.583140
xgboost,v1,HOSP_B,AB_NEGATIVE,RBC,24h,0.7163,0.8981,0.5787,-0.0445,2026-09-05T14:50:54.583140
seasonal_naive,v1,HOSP_B,AB_NEGATIVE,WHOLE_BLOOD,24h,1.0122,1.3615,1.1448,-0.0122,2026-09-05T14:50:54.602923
xgboost,v1,HOSP_B,AB_NEGATIVE,WHOLE_BLOOD,24h,0.6243,0.7801,0.7061,-0.0257,2026-09-05T14:50:54.602923
seasonal_naive,v1,HOSP_B,AB_POSITIVE,PLASMA,24h,1.1829,1.6192,0.951,-0.0366,2026-09-05T14:50:54.627101
xgboost,v1,HOSP_B,AB_POSITIVE,PLASMA,24h,0.739,0.9451,0.5941,-0.0583,2026-09-05T14:50:54.627101
seasonal_naive,v1,HOSP_B,AB_POSITIVE,PLATELETS,24h,1.2744,1.6249,0.95,0.0061,2026-09-05T14:50:54.690919
xgboost,v1,HOSP_B,AB_POSITIVE,PLATELETS,24h,0.8338,1.0278,0.6216,-0.1525,2026-09-05T14:50:54.690919
seasonal_naive,v1,HOSP_B,AB_POSITIVE,RBC,24h,1.3963,1.7338,0.8035,-0.0305,2026-09-05T14:50:54.740754
xgboost,v1,HOSP_B,AB_POSITIVE,RBC,24h,0.8031,1.0055,0.4622,-0.1246,2026-09-05T14:50:54.740754
seasonal_naive,v1,HOSP_B,AB_POSITIVE,WHOLE_BLOOD,24h,1.1463,1.4857,1.0217,-0.0732,2026-09-05T14:50:54.759786
xgboost,v1,HOSP_B,AB_POSITIVE,WHOLE_BLOOD,24h,0.7249,0.9187,0.6461,-0.0839,2026-09-05T14:50:54.759786
seasonal_naive,v1,HOSP_B,A_NEGATIVE,PLASMA,24h,1.1037,1.442,1.1908,-0.0061,2026-09-05T14:50:54.785129
xgboost,v1,HOSP_B,A_NEGATIVE,PLASMA,24h,0.7203,0.8525,0.7772,0.1145,2026-09-05T14:50:54.785129
seasonal_naive,v1,HOSP_B,A_NEGATIVE,PLATELETS,24h,1.2073,1.623,1.125,-0.0122,2026-09-05T14:50:54.804368
xgboost,v1,HOSP_B,A_NEGATIVE,PLATELETS,24h,0.8064,0.9996,0.7514,0.0081,2026-09-05T14:50:54.804368
seasonal_naive,v1,HOSP_B,A_NEGATIVE,RBC,24h,1.3415,1.7635,0.7074,-0.0244,2026-09-05T14:50:54.827410
xgboost,v1,HOSP_B,A_NEGATIVE,RBC,24h,0.8119,1.0428,0.4281,-0.0815,2026-09-05T14:50:54.827410
seasonal_naive,v1,HOSP_B,A_NEGATIVE,WHOLE_BLOOD,24h,1.1037,1.4504,0.8786,0.0793,2026-09-05T14:50:54.851094
xgboost,v1,HOSP_B,A_NEGATIVE,WHOLE_BLOOD,24h,0.7535,0.9419,0.5999,-0.0565,2026-09-05T14:50:54.851094
seasonal_naive,v1,HOSP_B,A_POSITIVE,PLASMA,24h,1.5732,2.003,0.4069,0.061,2026-09-05T14:50:54.877102
xgboost,v1,HOSP_B,A_POSITIVE,PLASMA,24h,0.8305,1.0596,0.2148,0.0036,2026-09-05T14:50:54.877102
seasonal_naive,v1,HOSP_B,A_POSITIVE,PLATELETS,24h,1.6341,1.9537,0.5403,0.0244,2026-09-05T14:50:54.899633
xgboost,v1,HOSP_B,A_POSITIVE,PLATELETS,24h,0.8197,1.0192,0.271,-0.0055,2026-09-05T14:50:54.899633
seasonal_naive,v1,HOSP_B,A_POSITIVE,RBC,24h,1.5061,1.9646,0.2077,-0.1037,2026-09-05T14:50:55.034911
xgboost,v1,HOSP_B,A_POSITIVE,RBC,24h,0.8723,1.0672,0.1203,-0.0773,2026-09-05T14:50:55.034911
seasonal_naive,v1,HOSP_B,A_POSITIVE,WHOLE_BLOOD,24h,1.5244,1.96,0.5342,-0.0488,2026-09-05T14:50:55.060855
xgboost,v1,HOSP_B,A_POSITIVE,WHOLE_BLOOD,24h,0.8197,1.0466,0.2873,-0.066,2026-09-05T14:50:55.060855
seasonal_naive,v1,HOSP_B,B_NEGATIVE,PLASMA,24h,1.1402,1.5162,1.3262,-0.0183,2026-09-05T14:50:55.085057
xgboost,v1,HOSP_B,B_NEGATIVE,PLASMA,24h,0.7456,0.9016,0.8673,0.054,2026-09-05T14:50:55.085057
seasonal_naive,v1,HOSP_B,B_NEGATIVE,PLATELETS,24h,0.8354,1.1608,1.1322,-0.0061,2026-09-05T14:50:55.106782
xgboost,v1,HOSP_B,B_NEGATIVE,PLATELETS,24h,0.6723,0.7842,0.9112,0.0575,2026-09-05T14:50:55.106782
seasonal_naive,v1,HOSP_B,B_NEGATIVE,RBC,24h,0.9817,1.2996,0.8994,-0.1037,2026-09-05T14:50:55.136470
xgboost,v1,HOSP_B,B_NEGATIVE,RBC,24h,0.7332,0.9029,0.6717,0.0443,2026-09-05T14:50:55.136470
seasonal_naive,v1,HOSP_B,B_NEGATIVE,WHOLE_BLOOD,24h,0.9939,1.3229,1.1241,0.0549,2026-09-05T14:50:55.257561
xgboost,v1,HOSP_B,B_NEGATIVE,WHOLE_BLOOD,24h,0.7179,0.8604,0.812,-0.0046,2026-09-05T14:50:55.257561
seasonal_naive,v1,HOSP_B,B_POSITIVE,PLASMA,24h,1.3537,1.7807,0.6647,-0.0122,2026-09-05T14:50:55.283821
xgboost,v1,HOSP_B,B_POSITIVE,PLASMA,24h,0.8004,1.0007,0.393,-0.0252,2026-09-05T14:50:55.283821
seasonal_naive,v1,HOSP_B,B_POSITIVE,PLATELETS,24h,1.1402,1.5322,0.7057,-0.0915,2026-09-05T14:50:55.401502
xgboost,v1,HOSP_B,B_POSITIVE,PLATELETS,24h,0.7904,0.9635,0.4892,-0.0287,2026-09-05T14:50:55.401502
seasonal_naive,v1,HOSP_B,B_POSITIVE,RBC,24h,1.5793,2.0675,0.501,-0.0061,2026-09-05T14:50:55.426102
xgboost,v1,HOSP_B,B_POSITIVE,RBC,24h,0.8617,1.0953,0.2733,-0.0298,2026-09-05T14:50:55.426102
seasonal_naive,v1,HOSP_B,B_POSITIVE,WHOLE_BLOOD,24h,1.4756,1.8676,0.7781,-0.0244,2026-09-05T14:50:55.448558
xgboost,v1,HOSP_B,B_POSITIVE,WHOLE_BLOOD,24h,0.8786,1.0962,0.4633,-0.1249,2026-09-05T14:50:55.448558
seasonal_naive,v1,HOSP_B,O_NEGATIVE,PLASMA,24h,1.311,1.6098,0.8921,0.0061,2026-09-05T14:50:55.474364
xgboost,v1,HOSP_B,O_NEGATIVE,PLASMA,24h,0.7503,0.9183,0.5106,-0.0561,2026-09-05T14:50:55.474364
seasonal_naive,v1,HOSP_B,O_NEGATIVE,PLATELETS,24h,1.0732,1.4775,1.1069,-0.0122,2026-09-05T14:50:55.495619
xgboost,v1,HOSP_B,O_NEGATIVE,PLATELETS,24h,0.802,0.9476,0.8272,0.1156,2026-09-05T14:50:55.495619
seasonal_naive,v1,HOSP_B,O_NEGATIVE,RBC,24h,1.3049,1.6417,0.6426,0.0976,2026-09-05T14:50:55.519815
xgboost,v1,HOSP_B,O_NEGATIVE,RBC,24h,0.8341,1.0282,0.4108,-0.0079,2026-09-05T14:50:55.519815
seasonal_naive,v1,HOSP_B,O_NEGATIVE,WHOLE_BLOOD,24h,1.2378,1.5946,1.2531,-0.0061,2026-09-05T14:50:55.576222
xgboost,v1,HOSP_B,O_NEGATIVE,WHOLE_BLOOD,24h,0.694,0.835,0.7026,0.0728,2026-09-05T14:50:55.576222
seasonal_naive,v1,HOSP_B,O_POSITIVE,PLASMA,24h,1.5671,2.0556,0.3249,0.0915,2026-09-05T14:50:55.650305
xgboost,v1,HOSP_B,O_POSITIVE,PLASMA,24h,0.9271,1.1326,0.1922,0.0481,2026-09-05T14:50:55.650305
seasonal_naive,v1,HOSP_B,O_POSITIVE,PLATELETS,24h,1.6037,2.1285,0.3346,-0.0915,2026-09-05T14:50:55.677389
xgboost,v1,HOSP_B,O_POSITIVE,PLATELETS,24h,0.9104,1.121,0.19,-0.1357,2026-09-05T14:50:55.677389
seasonal_naive,v1,HOSP_B,O_POSITIVE,RBC,24h,1.4451,1.8528,0.1467,0.1646,2026-09-05T14:50:55.702653
xgboost,v1,HOSP_B,O_POSITIVE,RBC,24h,0.7749,0.9825,0.0786,0.0264,2026-09-05T14:50:55.702653
seasonal_naive,v1,HOSP_B,O_POSITIVE,WHOLE_BLOOD,24h,1.4268,1.8643,0.3645,-0.0488,2026-09-05T14:50:55.722831
xgboost,v1,HOSP_B,O_POSITIVE,WHOLE_BLOOD,24h,0.769,0.9501,0.1964,-0.1401,2026-09-05T14:50:55.722831
seasonal_naive,v1,HOSP_C,AB_NEGATIVE,PLASMA,24h,0.878,1.1894,1.4118,-0.0122,2026-09-05T14:50:55.745475
xgboost,v1,HOSP_C,AB_NEGATIVE,PLASMA,24h,0.6375,0.7667,1.025,0.1234,2026-09-05T14:50:55.745475
seasonal_naive,v1,HOSP_C,AB_NEGATIVE,PLATELETS,24h,1.128,1.5519,1.0109,-0.0183,2026-09-05T14:50:55.865455
xgboost,v1,HOSP_C,AB_NEGATIVE,PLATELETS,24h,0.786,0.9628,0.7044,-0.1626,2026-09-05T14:50:55.865455
seasonal_naive,v1,HOSP_C,AB_NEGATIVE,RBC,24h,1.1524,1.5041,1.0,0.0549,2026-09-05T14:50:55.890179
xgboost,v1,HOSP_C,AB_NEGATIVE,RBC,24h,0.7387,0.9195,0.641,-0.0551,2026-09-05T14:50:55.890179
seasonal_naive,v1,HOSP_C,AB_NEGATIVE,WHOLE_BLOOD,24h,0.9329,1.2902,1.1953,0.0793,2026-09-05T14:50:55.913237
xgboost,v1,HOSP_C,AB_NEGATIVE,WHOLE_BLOOD,24h,0.6099,0.7815,0.7815,0.0205,2026-09-05T14:50:55.913237
seasonal_naive,v1,HOSP_C,AB_POSITIVE,PLASMA,24h,1.0366,1.3525,1.0303,-0.0366,2026-09-05T14:50:55.934428
xgboost,v1,HOSP_C,AB_POSITIVE,PLASMA,24h,0.6564,0.8108,0.6524,-0.0112,2026-09-05T14:50:55.934932
seasonal_naive,v1,HOSP_C,AB_POSITIVE,PLATELETS,24h,1.0366,1.3615,1.2143,0.0366,2026-09-05T14:50:55.954468
xgboost,v1,HOSP_C,AB_POSITIVE,PLATELETS,24h,0.7056,0.8455,0.8265,0.0279,2026-09-05T14:50:55.954468
seasonal_naive,v1,HOSP_C,AB_POSITIVE,RBC,24h,1.2866,1.6802,0.8719,0.0427,2026-09-05T14:50:55.972673
xgboost,v1,HOSP_C,AB_POSITIVE,RBC,24h,0.712,0.8927,0.4825,-0.0645,2026-09-05T14:50:55.972673
seasonal_naive,v1,HOSP_C,AB_POSITIVE,WHOLE_BLOOD,24h,1.0915,1.463,1.0468,0.0915,2026-09-05T14:50:55.993259
xgboost,v1,HOSP_C,AB_POSITIVE,WHOLE_BLOOD,24h,0.7055,0.8449,0.6766,-0.0465,2026-09-05T14:50:55.993259
seasonal_naive,v1,HOSP_C,A_NEGATIVE,PLASMA,24h,1.0183,1.3903,1.0309,-0.0427,2026-09-05T14:50:56.014839
xgboost,v1,HOSP_C,A_NEGATIVE,PLASMA,24h,0.7013,0.8361,0.71,0.0505,2026-09-05T14:50:56.014839
seasonal_naive,v1,HOSP_C,A_NEGATIVE,PLATELETS,24h,1.0366,1.4099,1.0897,-0.0122,2026-09-05T14:50:56.066533
xgboost,v1,HOSP_C,A_NEGATIVE,PLATELETS,24h,0.6823,0.8417,0.7173,0.0314,2026-09-05T14:50:56.066533
seasonal_naive,v1,HOSP_C,A_NEGATIVE,RBC,24h,1.3049,1.6417,0.8954,-0.0854,2026-09-05T14:50:56.120672
xgboost,v1,HOSP_C,A_NEGATIVE,RBC,24h,0.7795,0.9713,0.5349,-0.0109,2026-09-05T14:50:56.121271
seasonal_naive,v1,HOSP_C,A_NEGATIVE,WHOLE_BLOOD,24h,1.2012,1.548,0.8834,0.0549,2026-09-05T14:50:56.155392
xgboost,v1,HOSP_C,A_NEGATIVE,WHOLE_BLOOD,24h,0.7573,0.975,0.5569,-0.1233,2026-09-05T14:50:56.155392
seasonal_naive,v1,HOSP_C,A_POSITIVE,PLASMA,24h,1.3415,1.6857,0.449,-0.0488,2026-09-05T14:50:56.180916
xgboost,v1,HOSP_C,A_POSITIVE,PLASMA,24h,0.7993,1.0025,0.2675,-0.0167,2026-09-05T14:50:56.180916
seasonal_naive,v1,HOSP_C,A_POSITIVE,PLATELETS,24h,1.372,1.7755,0.4737,0.0915,2026-09-05T14:50:56.203421
xgboost,v1,HOSP_C,A_POSITIVE,PLATELETS,24h,0.8139,0.9841,0.281,-0.0384,2026-09-05T14:50:56.203421
seasonal_naive,v1,HOSP_C,A_POSITIVE,RBC,24h,1.5488,1.9506,0.2532,0.0,2026-09-05T14:50:56.227639
xgboost,v1,HOSP_C,A_POSITIVE,RBC,24h,0.9009,1.1154,0.1473,-0.0483,2026-09-05T14:50:56.227639
seasonal_naive,v1,HOSP_C,A_POSITIVE,WHOLE_BLOOD,24h,1.3659,1.7909,0.6455,0.0244,2026-09-05T14:50:56.250131
xgboost,v1,HOSP_C,A_POSITIVE,WHOLE_BLOOD,24h,0.755,0.9418,0.3568,0.0166,2026-09-05T14:50:56.250131
seasonal_naive,v1,HOSP_C,B_NEGATIVE,PLASMA,24h,1.1524,1.5081,0.875,-0.0183,2026-09-05T14:50:56.267558
xgboost,v1,HOSP_C,B_NEGATIVE,PLASMA,24h,0.7404,0.9382,0.5621,-0.1636,2026-09-05T14:50:56.267558
seasonal_naive,v1,HOSP_C,B_NEGATIVE,PLATELETS,24h,1.1768,1.5753,1.2215,-0.0549,2026-09-05T14:50:56.381042
xgboost,v1,HOSP_C,B_NEGATIVE,PLATELETS,24h,0.6943,0.8452,0.7207,-0.051,2026-09-05T14:50:56.381042
seasonal_naive,v1,HOSP_C,B_NEGATIVE,RBC,24h,1.311,1.7443,1.2079,0.0183,2026-09-05T14:50:56.416195
xgboost,v1,HOSP_C,B_NEGATIVE,RBC,24h,0.7017,0.8617,0.6465,0.0467,2026-09-05T14:50:56.416195
seasonal_naive,v1,HOSP_C,B_NEGATIVE,WHOLE_BLOOD,24h,0.8415,1.1996,1.3143,0.0,2026-09-05T14:50:56.442549
xgboost,v1,HOSP_C,B_NEGATIVE,WHOLE_BLOOD,24h,0.6507,0.7812,1.0164,0.1268,2026-09-05T14:50:56.442549
seasonal_naive,v1,HOSP_C,B_POSITIVE,PLASMA,24h,1.3963,1.8196,0.845,0.0427,2026-09-05T14:50:56.466108
xgboost,v1,HOSP_C,B_POSITIVE,PLASMA,24h,0.8473,1.021,0.5128,0.0166,2026-09-05T14:50:56.466108
seasonal_naive,v1,HOSP_C,B_POSITIVE,PLATELETS,24h,1.3902,1.76,0.9744,-0.0244,2026-09-05T14:50:56.489797
xgboost,v1,HOSP_C,B_POSITIVE,PLATELETS,24h,0.8347,1.0209,0.585,0.0042,2026-09-05T14:50:56.489797
seasonal_naive,v1,HOSP_C,B_POSITIVE,RBC,24h,1.3902,1.7461,0.5194,-0.0122,2026-09-05T14:50:56.640773
xgboost,v1,HOSP_C,B_POSITIVE,RBC,24h,0.7945,1.0151,0.2968,-0.0002,2026-09-05T14:50:56.640773
seasonal_naive,v1,HOSP_C,B_POSITIVE,WHOLE_BLOOD,24h,1.4573,1.8725,0.8659,0.0549,2026-09-05T14:50:56.664444
xgboost,v1,HOSP_C,B_POSITIVE,WHOLE_BLOOD,24h,0.7838,0.9481,0.4657,-0.081,2026-09-05T14:50:56.664444
seasonal_naive,v1,HOSP_C,O_NEGATIVE,PLASMA,24h,1.1707,1.5342,0.9846,0.0,2026-09-05T14:50:56.687011
xgboost,v1,HOSP_C,O_NEGATIVE,PLASMA,24h,0.7811,0.9611,0.6569,0.0304,2026-09-05T14:50:56.687011
seasonal_naive,v1,HOSP_C,O_NEGATIVE,PLATELETS,24h,1.1768,1.4588,0.8853,-0.0915,2026-09-05T14:50:56.702031
xgboost,v1,HOSP_C,O_NEGATIVE,PLATELETS,24h,0.7807,0.9182,0.5873,-0.0775,2026-09-05T14:50:56.702031
seasonal_naive,v1,HOSP_C,O_NEGATIVE,RBC,24h,1.378,1.7635,0.9076,0.0732,2026-09-05T14:50:56.724478
xgboost,v1,HOSP_C,O_NEGATIVE,RBC,24h,0.769,0.9676,0.5065,0.0782,2026-09-05T14:50:56.724478
seasonal_naive,v1,HOSP_C,O_NEGATIVE,WHOLE_BLOOD,24h,1.1098,1.4399,0.9055,-0.0244,2026-09-05T14:50:56.836755
xgboost,v1,HOSP_C,O_NEGATIVE,WHOLE_BLOOD,24h,0.6729,0.8082,0.549,-0.0548,2026-09-05T14:50:56.836755
seasonal_naive,v1,HOSP_C,O_POSITIVE,PLASMA,24h,1.561,1.9662,0.3601,0.0488,2026-09-05T14:50:56.860301
xgboost,v1,HOSP_C,O_POSITIVE,PLASMA,24h,0.916,1.1135,0.2113,-0.014,2026-09-05T14:50:56.860301
seasonal_naive,v1,HOSP_C,O_POSITIVE,PLATELETS,24h,1.7622,2.2806,0.5453,0.0305,2026-09-05T14:50:56.886123
xgboost,v1,HOSP_C,O_POSITIVE,PLATELETS,24h,0.9078,1.1154,0.2809,-0.0139,2026-09-05T14:50:56.886123
seasonal_naive,v1,HOSP_C,O_POSITIVE,RBC,24h,1.3659,1.753,0.1615,0.0732,2026-09-05T14:50:56.907775
xgboost,v1,HOSP_C,O_POSITIVE,RBC,24h,0.7914,0.9847,0.0936,-0.106,2026-09-05T14:50:56.907775
seasonal_naive,v1,HOSP_C,O_POSITIVE,WHOLE_BLOOD,24h,1.2256,1.6472,0.436,-0.0549,2026-09-05T14:50:56.927252
xgboost,v1,HOSP_C,O_POSITIVE,WHOLE_BLOOD,24h,0.8524,1.0365,0.3032,0.0666,2026-09-05T14:50:56.927252
seasonal_naive,v1,HOSP_D,AB_NEGATIVE,PLASMA,24h,0.8171,1.1423,1.2642,0.0,2026-09-05T14:50:56.991256
xgboost,v1,HOSP_D,AB_NEGATIVE,PLASMA,24h,0.6263,0.7316,0.969,0.1083,2026-09-05T14:50:56.991256
seasonal_naive,v1,HOSP_D,AB_NEGATIVE,PLATELETS,24h,0.8902,1.2247,1.2167,0.0122,2026-09-05T14:50:57.058656
xgboost,v1,HOSP_D,AB_NEGATIVE,PLATELETS,24h,0.6591,0.7824,0.9008,0.0318,2026-09-05T14:50:57.058656
seasonal_naive,v1,HOSP_D,AB_NEGATIVE,RBC,24h,0.9268,1.2736,1.1176,0.061,2026-09-05T14:50:57.094101
xgboost,v1,HOSP_D,AB_NEGATIVE,RBC,24h,0.7059,0.8436,0.8513,0.1035,2026-09-05T14:50:57.094101
seasonal_naive,v1,HOSP_D,AB_NEGATIVE,WHOLE_BLOOD,24h,1.0427,1.442,1.0118,0.0061,2026-09-05T14:50:57.118265
xgboost,v1,HOSP_D,AB_NEGATIVE,WHOLE_BLOOD,24h,0.7301,0.9016,0.7085,-0.1148,2026-09-05T14:50:57.118265
seasonal_naive,v1,HOSP_D,AB_POSITIVE,PLASMA,24h,1.0671,1.4713,1.306,0.0061,2026-09-05T14:50:57.138432
xgboost,v1,HOSP_D,AB_POSITIVE,PLASMA,24h,0.7125,0.8641,0.872,0.0829,2026-09-05T14:50:57.138432
seasonal_naive,v1,HOSP_D,AB_POSITIVE,PLATELETS,24h,1.0427,1.4546,1.1104,-0.0061,2026-09-05T14:50:57.157924
xgboost,v1,HOSP_D,AB_POSITIVE,PLATELETS,24h,0.6963,0.8498,0.7416,-0.0104,2026-09-05T14:50:57.157924
seasonal_naive,v1,HOSP_D,AB_POSITIVE,RBC,24h,1.2744,1.6398,0.8327,-0.0305,2026-09-05T14:50:57.182148
xgboost,v1,HOSP_D,AB_POSITIVE,RBC,24h,0.7637,0.9633,0.499,-0.1168,2026-09-05T14:50:57.182148
seasonal_naive,v1,HOSP_D,AB_POSITIVE,WHOLE_BLOOD,24h,1.2134,1.606,1.2061,0.0793,2026-09-05T14:50:57.234725
xgboost,v1,HOSP_D,AB_POSITIVE,WHOLE_BLOOD,24h,0.7382,0.891,0.7337,-0.0484,2026-09-05T14:50:57.234725
seasonal_naive,v1,HOSP_D,A_NEGATIVE,PLASMA,24h,0.8963,1.2518,1.0068,-0.0427,2026-09-05T14:50:57.276565
xgboost,v1,HOSP_D,A_NEGATIVE,PLASMA,24h,0.6946,0.8422,0.7802,0.0765,2026-09-05T14:50:57.276565
seasonal_naive,v1,HOSP_D,A_NEGATIVE,PLATELETS,24h,1.2012,1.6509,1.0423,-0.0061,2026-09-05T14:50:57.313856
xgboost,v1,HOSP_D,A_NEGATIVE,PLATELETS,24h,0.7327,0.8865,0.6358,-0.0481,2026-09-05T14:50:57.313856
seasonal_naive,v1,HOSP_D,A_NEGATIVE,RBC,24h,1.3293,1.6857,0.9864,0.0122,2026-09-05T14:50:57.346062
xgboost,v1,HOSP_D,A_NEGATIVE,RBC,24h,0.7219,0.9017,0.5357,0.0248,2026-09-05T14:50:57.346062
seasonal_naive,v1,HOSP_D,A_NEGATIVE,WHOLE_BLOOD,24h,0.9695,1.3136,1.1197,0.0183,2026-09-05T14:50:57.367699
xgboost,v1,HOSP_D,A_NEGATIVE,WHOLE_BLOOD,24h,0.7081,0.847,0.8178,0.0513,2026-09-05T14:50:57.367699
seasonal_naive,v1,HOSP_D,A_POSITIVE,PLASMA,24h,1.4939,1.8983,0.5213,0.0061,2026-09-05T14:50:57.396784
xgboost,v1,HOSP_D,A_POSITIVE,PLASMA,24h,0.8379,1.0502,0.2924,-0.0556,2026-09-05T14:50:57.396784
seasonal_naive,v1,HOSP_D,A_POSITIVE,PLATELETS,24h,1.372,1.7583,0.7353,0.0427,2026-09-05T14:50:57.420727
xgboost,v1,HOSP_D,A_POSITIVE,PLATELETS,24h,0.8583,1.0356,0.46,0.0807,2026-09-05T14:50:57.420727
seasonal_naive,v1,HOSP_D,A_POSITIVE,RBC,24h,1.4207,1.7789,0.2983,0.0793,2026-09-05T14:50:57.443941
xgboost,v1,HOSP_D,A_POSITIVE,RBC,24h,0.898,1.1143,0.1886,0.0041,2026-09-05T14:50:57.443941
seasonal_naive,v1,HOSP_D,A_POSITIVE,WHOLE_BLOOD,24h,1.2012,1.5676,0.6254,0.0549,2026-09-05T14:50:57.575858
xgboost,v1,HOSP_D,A_POSITIVE,WHOLE_BLOOD,24h,0.7624,0.9538,0.397,0.0102,2026-09-05T14:50:57.575858
seasonal_naive,v1,HOSP_D,B_NEGATIVE,PLASMA,24h,0.878,1.1945,1.0992,-0.0122,2026-09-05T14:50:57.610951
xgboost,v1,HOSP_D,B_NEGATIVE,PLASMA,24h,0.6479,0.7718,0.8111,0.0518,2026-09-05T14:50:57.610951
seasonal_naive,v1,HOSP_D,B_NEGATIVE,PLATELETS,24h,1.1768,1.5081,1.0782,-0.0427,2026-09-05T14:50:57.634612
xgboost,v1,HOSP_D,B_NEGATIVE,PLATELETS,24h,0.697,0.8712,0.6386,-0.1299,2026-09-05T14:50:57.634612
seasonal_naive,v1,HOSP_D,B_NEGATIVE,RBC,24h,1.1524,1.463,1.2945,0.0549,2026-09-05T14:50:57.658633
xgboost,v1,HOSP_D,B_NEGATIVE,RBC,24h,0.7121,0.8577,0.7999,0.1038,2026-09-05T14:50:57.658633
seasonal_naive,v1,HOSP_D,B_NEGATIVE,WHOLE_BLOOD,24h,1.0915,1.4918,1.0347,0.0061,2026-09-05T14:50:57.780740
xgboost,v1,HOSP_D,B_NEGATIVE,WHOLE_BLOOD,24h,0.7289,0.9192,0.691,-0.1065,2026-09-05T14:50:57.780740
seasonal_naive,v1,HOSP_D,B_POSITIVE,PLASMA,24h,1.2805,1.6305,0.6562,0.0,2026-09-05T14:50:57.804448
xgboost,v1,HOSP_D,B_POSITIVE,PLASMA,24h,0.7275,0.9335,0.3728,-0.0846,2026-09-05T14:50:57.804448
seasonal_naive,v1,HOSP_D,B_POSITIVE,PLATELETS,24h,1.2256,1.5598,0.9306,0.0549,2026-09-05T14:50:57.827516
xgboost,v1,HOSP_D,B_POSITIVE,PLATELETS,24h,0.7194,0.8824,0.5462,0.0319,2026-09-05T14:50:57.827516
seasonal_naive,v1,HOSP_D,B_POSITIVE,RBC,24h,1.6402,1.9615,0.6466,-0.0305,2026-09-05T14:50:57.853297
xgboost,v1,HOSP_D,B_POSITIVE,RBC,24h,0.8876,1.0924,0.3499,-0.0636,2026-09-05T14:50:57.853297
seasonal_naive,v1,HOSP_D,B_POSITIVE,WHOLE_BLOOD,24h,1.0915,1.4462,0.8775,-0.0305,2026-09-05T14:50:57.875958
xgboost,v1,HOSP_D,B_POSITIVE,WHOLE_BLOOD,24h,0.7542,0.9149,0.6063,0.0114,2026-09-05T14:50:57.875958
seasonal_naive,v1,HOSP_D,O_NEGATIVE,PLASMA,24h,1.311,1.6875,0.9188,0.0671,2026-09-05T14:50:57.900073
xgboost,v1,HOSP_D,O_NEGATIVE,PLASMA,24h,0.7735,0.9558,0.5421,-0.0606,2026-09-05T14:50:57.900073
seasonal_naive,v1,HOSP_D,O_NEGATIVE,PLATELETS,24h,1.0915,1.4837,1.0287,-0.0061,2026-09-05T14:50:58.022969
xgboost,v1,HOSP_D,O_NEGATIVE,PLATELETS,24h,0.6917,0.8614,0.652,0.0168,2026-09-05T14:50:58.022969
seasonal_naive,v1,HOSP_D,O_NEGATIVE,RBC,24h,1.1341,1.4939,0.5813,0.0,2026-09-05T14:50:58.049391
xgboost,v1,HOSP_D,O_NEGATIVE,RBC,24h,0.7592,0.9383,0.3891,-0.0945,2026-09-05T14:50:58.049391
seasonal_naive,v1,HOSP_D,O_NEGATIVE,WHOLE_BLOOD,24h,0.9878,1.3113,1.1739,-0.0122,2026-09-05T14:50:58.074263
xgboost,v1,HOSP_D,O_NEGATIVE,WHOLE_BLOOD,24h,0.6371,0.7653,0.7571,0.0801,2026-09-05T14:50:58.074263
seasonal_naive,v1,HOSP_D,O_POSITIVE,PLASMA,24h,1.4573,1.8429,0.4092,0.0427,2026-09-05T14:50:58.104989
xgboost,v1,HOSP_D,O_POSITIVE,PLASMA,24h,0.8741,1.0906,0.2455,-0.0444,2026-09-05T14:50:58.104989
seasonal_naive,v1,HOSP_D,O_POSITIVE,PLATELETS,24h,1.4695,1.8163,0.5332,-0.0305,2026-09-05T14:50:58.126115
xgboost,v1,HOSP_D,O_POSITIVE,PLATELETS,24h,0.9064,1.1017,0.3289,0.0111,2026-09-05T14:50:58.126115
seasonal_naive,v1,HOSP_D,O_POSITIVE,RBC,24h,1.3293,1.6857,0.2047,0.0976,2026-09-05T14:50:58.145179
xgboost,v1,HOSP_D,O_POSITIVE,RBC,24h,0.8241,1.0339,0.1269,-0.0048,2026-09-05T14:50:58.145179
seasonal_naive,v1,HOSP_D,O_POSITIVE,WHOLE_BLOOD,24h,1.3902,1.8179,0.5112,0.0732,2026-09-05T14:50:58.165727
xgboost,v1,HOSP_D,O_POSITIVE,WHOLE_BLOOD,24h,0.8209,1.0271,0.3018,-0.0537,2026-09-05T14:50:58.165727
seasonal_naive,v1,HOSP_E,AB_NEGATIVE,PLASMA,24h,1.0915,1.399,1.3769,0.0061,2026-09-05T14:50:58.292479
xgboost,v1,HOSP_E,AB_NEGATIVE,PLASMA,24h,0.6593,0.7787,0.8317,0.0301,2026-09-05T14:50:58.292479
seasonal_naive,v1,HOSP_E,AB_NEGATIVE,PLATELETS,24h,0.9695,1.3136,1.3033,-0.0183,2026-09-05T14:50:58.319244
xgboost,v1,HOSP_E,AB_NEGATIVE,PLATELETS,24h,0.6578,0.7764,0.8843,0.0088,2026-09-05T14:50:58.319244
seasonal_naive,v1,HOSP_E,AB_NEGATIVE,RBC,24h,0.9939,1.2855,1.3252,0.0427,2026-09-05T14:50:58.342060
xgboost,v1,HOSP_E,AB_NEGATIVE,RBC,24h,0.6157,0.7144,0.821,0.1059,2026-09-05T14:50:58.342060
seasonal_naive,v1,HOSP_E,AB_NEGATIVE,WHOLE_BLOOD,24h,0.872,1.242,1.5376,0.0061,2026-09-05T14:50:58.366750
xgboost,v1,HOSP_E,AB_NEGATIVE,WHOLE_BLOOD,24h,0.6438,0.7669,1.1354,0.1143,2026-09-05T14:50:58.366750
seasonal_naive,v1,HOSP_E,AB_POSITIVE,PLASMA,24h,1.0427,1.3637,1.1554,0.0305,2026-09-05T14:50:58.391331
xgboost,v1,HOSP_E,AB_POSITIVE,PLASMA,24h,0.7209,0.8799,0.7988,0.0199,2026-09-05T14:50:58.391331
seasonal_naive,v1,HOSP_E,AB_POSITIVE,PLATELETS,24h,1.0366,1.4099,1.3492,0.0244,2026-09-05T14:50:58.410719
xgboost,v1,HOSP_E,AB_POSITIVE,PLATELETS,24h,0.6668,0.7948,0.8679,0.032,2026-09-05T14:50:58.410719
seasonal_naive,v1,HOSP_E,AB_POSITIVE,RBC,24h,0.9939,1.3183,1.1014,-0.0061,2026-09-05T14:50:58.432240
xgboost,v1,HOSP_E,AB_POSITIVE,RBC,24h,0.6278,0.7702,0.6957,0.0745,2026-09-05T14:50:58.432240
seasonal_naive,v1,HOSP_E,AB_POSITIVE,WHOLE_BLOOD,24h,1.0732,1.4185,1.3333,-0.0244,2026-09-05T14:50:58.455609
xgboost,v1,HOSP_E,AB_POSITIVE,WHOLE_BLOOD,24h,0.6586,0.8092,0.8183,0.0107,2026-09-05T14:50:58.455609
seasonal_naive,v1,HOSP_E,A_NEGATIVE,PLASMA,24h,1.2195,1.7001,1.0582,0.0244,2026-09-05T14:50:58.498038
xgboost,v1,HOSP_E,A_NEGATIVE,PLASMA,24h,0.7992,0.9489,0.6935,-0.0416,2026-09-05T14:50:58.498038
seasonal_naive,v1,HOSP_E,A_NEGATIVE,PLATELETS,24h,0.9939,1.2949,1.1014,0.0061,2026-09-05T14:50:58.546977
xgboost,v1,HOSP_E,A_NEGATIVE,PLATELETS,24h,0.6944,0.8519,0.7694,0.0013,2026-09-05T14:50:58.546977
seasonal_naive,v1,HOSP_E,A_NEGATIVE,RBC,24h,1.2195,1.5927,1.0582,0.0244,2026-09-05T14:50:58.570617
xgboost,v1,HOSP_E,A_NEGATIVE,RBC,24h,0.711,0.8792,0.617,0.0431,2026-09-05T14:50:58.570617
seasonal_naive,v1,HOSP_E,A_NEGATIVE,WHOLE_BLOOD,24h,1.0732,1.4399,1.2482,-0.0732,2026-09-05T14:50:58.595193
xgboost,v1,HOSP_E,A_NEGATIVE,WHOLE_BLOOD,24h,0.6894,0.838,0.8018,0.0122,2026-09-05T14:50:58.595193
seasonal_naive,v1,HOSP_E,A_POSITIVE,PLASMA,24h,1.4146,1.7635,0.7508,-0.0122,2026-09-05T14:50:58.614024
xgboost,v1,HOSP_E,A_POSITIVE,PLASMA,24h,0.8063,0.9855,0.428,0.0478,2026-09-05T14:50:58.614625
seasonal_naive,v1,HOSP_E,A_POSITIVE,PLATELETS,24h,1.628,2.0556,0.9536,-0.0061,2026-09-05T14:50:58.633674
xgboost,v1,HOSP_E,A_POSITIVE,PLATELETS,24h,0.7401,0.96,0.4335,0.0521,2026-09-05T14:50:58.633674
seasonal_naive,v1,HOSP_E,A_POSITIVE,RBC,24h,1.6037,2.0378,0.3925,-0.0061,2026-09-05T14:50:58.653814
xgboost,v1,HOSP_E,A_POSITIVE,RBC,24h,0.9091,1.1462,0.2225,-0.0907,2026-09-05T14:50:58.654815
seasonal_naive,v1,HOSP_E,A_POSITIVE,WHOLE_BLOOD,24h,1.2622,1.6249,0.8697,-0.0061,2026-09-05T14:50:58.690810
xgboost,v1,HOSP_E,A_POSITIVE,WHOLE_BLOOD,24h,0.7625,0.9479,0.5254,0.0784,2026-09-05T14:50:58.690810
seasonal_naive,v1,HOSP_E,B_NEGATIVE,PLASMA,24h,1.2317,1.682,1.2393,0.0488,2026-09-05T14:50:58.749067
xgboost,v1,HOSP_E,B_NEGATIVE,PLASMA,24h,0.6896,0.8623,0.6938,-0.0542,2026-09-05T14:50:58.749067
seasonal_naive,v1,HOSP_E,B_NEGATIVE,PLATELETS,24h,1.0366,1.3837,1.1111,0.0366,2026-09-05T14:50:58.774028
xgboost,v1,HOSP_E,B_NEGATIVE,PLATELETS,24h,0.7007,0.8772,0.7511,-0.0708,2026-09-05T14:50:58.774028
seasonal_naive,v1,HOSP_E,B_NEGATIVE,RBC,24h,1.0915,1.3815,1.1623,0.0305,2026-09-05T14:50:58.797906
xgboost,v1,HOSP_E,B_NEGATIVE,RBC,24h,0.7105,0.8337,0.7566,0.0219,2026-09-05T14:50:58.797906
seasonal_naive,v1,HOSP_E,B_NEGATIVE,WHOLE_BLOOD,24h,0.8598,1.2469,1.41,0.0549,2026-09-05T14:50:58.820942
xgboost,v1,HOSP_E,B_NEGATIVE,WHOLE_BLOOD,24h,0.6806,0.8446,1.1162,0.0908,2026-09-05T14:50:58.820942
seasonal_naive,v1,HOSP_E,B_POSITIVE,PLASMA,24h,1.122,1.4733,0.8,0.0,2026-09-05T14:50:58.843057
xgboost,v1,HOSP_E,B_POSITIVE,PLASMA,24h,0.7189,0.8779,0.5126,0.0016,2026-09-05T14:50:58.843057
seasonal_naive,v1,HOSP_E,B_POSITIVE,PLATELETS,24h,1.1524,1.4713,1.0559,-0.0183,2026-09-05T14:50:58.865400
xgboost,v1,HOSP_E,B_POSITIVE,PLATELETS,24h,0.7462,0.8951,0.6837,0.065,2026-09-05T14:50:58.865400
seasonal_naive,v1,HOSP_E,B_POSITIVE,RBC,24h,1.3293,1.725,0.7899,0.061,2026-09-05T14:50:58.884752
xgboost,v1,HOSP_E,B_POSITIVE,RBC,24h,0.8733,1.042,0.5189,0.0277,2026-09-05T14:50:58.884752
seasonal_naive,v1,HOSP_E,B_POSITIVE,WHOLE_BLOOD,24h,1.2744,1.6361,1.0609,0.0427,2026-09-05T14:50:58.904512
xgboost,v1,HOSP_E,B_POSITIVE,WHOLE_BLOOD,24h,0.7798,0.9451,0.6492,-0.0275,2026-09-05T14:50:58.904512
seasonal_naive,v1,HOSP_E,O_NEGATIVE,PLASMA,24h,0.8598,1.1713,0.94,-0.0183,2026-09-05T14:50:58.928227
xgboost,v1,HOSP_E,O_NEGATIVE,PLASMA,24h,0.6669,0.8096,0.7292,0.0668,2026-09-05T14:50:58.928227
seasonal_naive,v1,HOSP_E,O_NEGATIVE,PLATELETS,24h,1.0671,1.3859,1.1218,-0.0305,2026-09-05T14:50:59.065581
xgboost,v1,HOSP_E,O_NEGATIVE,PLATELETS,24h,0.7087,0.8751,0.745,0.0134,2026-09-05T14:50:59.065581
seasonal_naive,v1,HOSP_E,O_NEGATIVE,RBC,24h,1.3354,1.7721,0.9865,-0.0061,2026-09-05T14:50:59.090520
xgboost,v1,HOSP_E,O_NEGATIVE,RBC,24h,0.7954,0.9759,0.5876,-0.0015,2026-09-05T14:50:59.090520
seasonal_naive,v1,HOSP_E,O_NEGATIVE,WHOLE_BLOOD,24h,1.2073,1.5617,1.0312,-0.0732,2026-09-05T14:50:59.114262
xgboost,v1,HOSP_E,O_NEGATIVE,WHOLE_BLOOD,24h,0.692,0.8669,0.5911,-0.1019,2026-09-05T14:50:59.114262
seasonal_naive,v1,HOSP_E,O_POSITIVE,PLASMA,24h,1.5244,1.9286,0.5208,-0.0488,2026-09-05T14:50:59.139014
xgboost,v1,HOSP_E,O_POSITIVE,PLASMA,24h,0.8364,1.0517,0.2858,-0.0199,2026-09-05T14:50:59.139014
seasonal_naive,v1,HOSP_E,O_POSITIVE,PLATELETS,24h,1.4146,1.7565,0.6535,-0.0366,2026-09-05T14:50:59.156558
xgboost,v1,HOSP_E,O_POSITIVE,PLATELETS,24h,0.841,1.0276,0.3885,0.0271,2026-09-05T14:50:59.156558
seasonal_naive,v1,HOSP_E,O_POSITIVE,RBC,24h,1.3476,1.7892,0.2489,0.0183,2026-09-05T14:50:59.177275
xgboost,v1,HOSP_E,O_POSITIVE,RBC,24h,0.8461,1.0255,0.1563,-0.1,2026-09-05T14:50:59.177275
seasonal_naive,v1,HOSP_E,O_POSITIVE,WHOLE_BLOOD,24h,1.311,1.7126,0.911,0.0671,2026-09-05T14:50:59.293128
xgboost,v1,HOSP_E,O_POSITIVE,WHOLE_BLOOD,24h,0.7965,0.9601,0.5535,0.1988,2026-09-05T14:50:59.293128
